Code,Name,City,Latitude,Longitude
4I7,Putnam County Airport,Greencastle,39.6335556,-86.8138056
C91,Dowagiac Municipal Airport,Dowagiac,41.9929342,-86.1280125
CDI,Cambridge Municipal Airport,Cambridge,39.9750278,-81.5775833
SUE,Door County Cherryland Airport,Sturgeon Bay,44.8436667,-87.4215556
0P2,Shoestring Aviation Airfield,Stewartstown,39.7948244,-76.6471914
PDT,Eastern Oregon Regional Airport,Pendleton,45.695,-118.841389
TYE,Tyonek Airport,Tyonek,61.076667,-151.138056
RIW,Riverton Regional,Riverton WY,43.064167,-108.459722
MTJ,Montrose Regional Airport,Montrose CO,38.509794,-107.894242
1CS,Clow International Airport,Bolingbrook,41.6959744,-88.1292306
ENW,Kenosha Regional Airport,Kenosha,42.5956944,-87.9278056
VGT,North Las Vegas Airport,Las Vegas,36.2106944,-115.1944444
C02,Grand Geneva Resort Airport,Lake Geneva,42.6149167,-88.3895833
DKB,De Kalb Taylor Municipal Airport,De Kalb,41.9338342,-88.7056864
LAF,Purude University Airport,Lafayette,40.4123056,-86.9368889
OXD,Miami University Airport,Oxford,39.5022607,-84.7843814
MIE,Delaware County Airport,Muncie,40.2424722,-85.39575
1RL,Point Roberts Airpark,Point Roberts,48.9797222,-123.0788889
MQB,Macomb Municipal Airport,Macomb,40.5200833,-90.6523889
AUW,Wausau Downtown Airport,Wausau,44.9262845,-89.6270018
C47,Portage Municipal Airport,Portage,43.5603136,-89.4828607
IWD,Gogebic Iron County Airport,Ironwood,46.5274747,-90.1313967
MCD,Mackinac Island Airport,Mackinac Island,45.8649344,-84.637344
GRM,Grand Marais Cook County Airport,Grand Marais,47.8383333,-90.3829444
NPZ,Porter County Municipal Airport,Valparaiso,41.4539722,-87.0070833
MXY,McCarthy Airport,McCarthy,61.4370608,-142.9030737
SWD,Seward Airport,Seward,60.1269383,-149.4188122
MGC,Michigan City Municipal Airport,Michigan City,41.7033,-86.8211
AET,Allakaket Airport,Allakaket,66.5519,-152.6222
YAK,Yakutat,Yakutat,59.3012,-139.3937
MQT,Sawyer International Airport,Marquette,46.353611,-87.395278
IMT,Ford Airport,Iron Mountain,45.8183611,-88.1145556
ESC,Delta County Airport,Escanaba,45.722778,-87.093611
MWA,Williamson Country Regional Airport,Marion,37.7549569,-89.0110936
BTI,Barter Island Lrrs,Barter Island,70.133989,-143.581867
K03,Wainwright As,Fort Wainwright,70.613378,-159.86035
LUR,Cape Lisburne Lrrs,Cape Lisburne,68.875133,-166.110022
PIZ,Point Lay Lrrs,Point Lay,69.732875,-163.005342
ITO,Hilo Intl,Hilo,19.721375,-155.048469
ORL,Executive,Orlando,28.545464,-81.332936
BTT,Bettles,Bettles,66.913944,-151.529056
Z84,Clear,Clear Mews,64.301203,-149.120144
UTO,Indian Mountain Lrrs,Indian Mountains,65.992794,-153.704289
FYU,Fort Yukon,Fort Yukon,66.571492,-145.250417
SVW,Sparrevohn Lrrs,Sparrevohn,61.097369,-155.574228
FRN,Bryant Ahp,Fort Richardson,61.266381,-149.653119
TLJ,Tatalina Lrrs,Tatalina,62.894369,-155.976525
CZF,Cape Romanzof Lrrs,Cape Romanzof,61.780297,-166.038747
BED,Laurence G Hanscom Fld,Bedford,42.469953,-71.289031
SNP,St Paul Island,St. Paul Island,57.167333,-170.220444
EHM,Cape Newenham Lrrs,Cape Newenham,58.646428,-162.062778
PBV,St George,Point Barrow,56.578344,-169.661611
ILI,Iliamna,Iliamna,59.754356,-154.910961
PTU,Platinum,Port Moller,59.011356,-161.819664
BMX,Big Mountain Afs,Big Mountain,59.361247,-155.258822
OSC,Oscoda Wurtsmith,Oscoda,44.451558,-83.394053
OAR,Marina Muni,Fort Ord,36.681878,-121.762347
MHR,Sacramento Mather,Sacramento,38.553897,-121.297592
BYS,Bicycle Lake Aaf,Fort Irwin,35.280531,-116.630031
NXP,Twentynine Palms Eaf,Twenty Nine Palms,34.296161,-116.162203
FSM,Fort Smith Rgnl,Fort Smith,35.336583,-94.367444
MRI,Merrill Fld,Anchorage,61.213544,-149.844447
GNT,Grants Milan Muni,Grants,35.167286,-107.901989
PNC,Ponca City Rgnl,Ponca City,36.731958,-97.099781
SVN,Hunter Aaf,Hunter Aaf,32.01,-81.145683
GFK,Grand Forks Intl,Grand Forks,47.949256,-97.176111
PBF,Grider Fld,Pine Bluff,34.173142,-91.935597
NSE,Whiting Fld Nas North,Milton,30.724167,-87.021944
HNM,Hana,Hana,20.795636,-156.014439
PRC,Ernest A Love Fld,Prescott,34.654472,-112.419583
TTN,Trenton Mercer,Trenton,40.276692,-74.813469
BOS,General Edward Lawrence Logan Intl,Boston,42.364347,-71.005181
SUU,Travis Afb,Fairfield,38.262692,-121.927464
RME,Griffiss Afld,Rome,43.2338,-75.407033
ENV,Wendover,Wendover,40.718694,-114.030889
BFM,Mobile Downtown,Mobile,30.626783,-88.068092
OAK,Metropolitan Oakland Intl,Oakland,37.721278,-122.220722
OMA,Eppley Afld,Omaha,41.303167,-95.894069
NOW,Port Angeles Cgas,Port Angeles,48.141481,-123.414075
OGG,Kahului,Kahului,20.89865,-156.430458
ICT,Wichita Mid Continent,Wichita,37.649944,-97.433056
MCI,Kansas City Intl,Kansas City,39.297606,-94.713905
MSN,Dane Co Rgnl Truax Fld,Madison,43.139858,-89.337514
DLG,Dillingham,Dillingham,59.044667,-158.5055
HRO,Boone Co,Harrison,36.261519,-93.154728
PHX,Phoenix Sky Harbor Intl,Phoenix,33.434278,-112.011583
BGR,Bangor Intl,Bangor,44.807444,-68.828139
FXE,Fort Lauderdale Executive,Fort Lauderdale,26.197281,-80.170706
GGG,East Texas Rgnl,Longview,32.384014,-94.711486
AND,Anderson Rgnl,Andersen,34.494583,-82.709389
GEG,Spokane Intl,Spokane,47.619861,-117.533833
HWO,North Perry,Hollywood,26.001222,-80.240722
SFO,San Francisco Intl,San Francisco,37.618972,-122.374889
CTB,Cut Bank Muni,Cutbank,48.608353,-112.376144
ARA,Acadiana Rgnl,Louisiana,30.037758,-91.883896
GNV,Gainesville Rgnl,Gainesville,29.690056,-82.271778
MEM,Memphis Intl,Memphis,35.042417,-89.976667
DUG,Bisbee Douglas Intl,Douglas,31.469028,-109.603667
BIG,Allen Aaf,Delta Junction,63.994547,-145.721642
CNW,Tstc Waco,Waco,31.637831,-97.074139
ANN,Annette Island,Annette Island,55.042436,-131.572233
CAR,Caribou Muni,Caribou,46.8715,-68.017917
LRF,Little Rock Afb,Jacksonville,34.916944,-92.149722
HUA,Redstone Aaf,Redstone,34.678653,-86.684781
POB,Pope Field,Fort Bragg,35.170883,-79.014472
DHT,Dalhart Muni,Dalhart,36.022586,-102.547278
DLF,Laughlin Afb,Del Rio,29.359486,-100.777975
LAX,Los Angeles Intl,Los Angeles,33.942536,-118.408075
ANB,Anniston Metro,Anniston,33.588167,-85.858111
CLE,Cleveland Hopkins Intl,Cleveland,41.411689,-81.849794
DOV,Dover Afb,Dover,39.129539,-75.465958
CVG,Cincinnati Northern Kentucky Intl,Cincinnati,39.048836,-84.667822
FME,Tipton,Fort Meade,39.085386,-76.759414
NID,China Lake Naws,China,35.685422,-117.692039
HON,Huron Rgnl,Huron,44.3852,-98.228542
JNU,Juneau Intl,Juneau,58.354972,-134.576278
LFT,Lafayette Rgnl,Lafayette,30.205278,-91.987611
EWR,Newark Liberty Intl,Newark,40.6925,-74.168667
BOI,Boise Air Terminal,Boise,43.564361,-116.222861
INS,Creech Afb,Indian Springs,36.587183,-115.673353
GCK,Garden City Rgnl,Garden City,37.927528,-100.724417
MOT,Minot Intl,Minot,48.259378,-101.280333
HHI,Wheeler Aaf,Wahiawa,21.4835,-158.039667
MXF,Maxwell Afb,Montgomery,32.382944,-86.365778
RBM,Robinson Aaf,Robinson,34.850089,-92.300153
DAL,Dallas Love Fld,Dallas,32.847111,-96.851778
FCS,Butts Aaf,Fort Carson,38.678394,-104.756581
HLN,Helena Rgnl,Helena,46.606806,-111.98275
NKX,Miramar Mcas,Miramar,32.867694,-117.14175
LUF,Luke Afb,Phoenix,33.535,-112.38306
HRT,Hurlburt Fld,Mary Esther,30.427803,-86.689278
HHR,Jack Northrop Fld Hawthorne Muni,Hawthorne,33.922839,-118.335186
HUL,Houlton Intl,Houlton,46.123083,-67.792056
END,Vance Afb,Enid,36.339167,-97.9165
NTD,Point Mugu Nas,Point Mugu,34.120285,-119.12094
EDW,Edwards Afb,Edwards Afb,34.905417,-117.883739
LCH,Lake Charles Rgnl,Lake Charles,30.126112,-93.223335
KOA,Kona Intl At Keahole,Kona,19.738767,-156.045631
MYR,Myrtle Beach Intl,Myrtle Beach,33.67975,-78.928333
NLC,Lemoore Nas,Lemoore,36.333012,-119.95208
ACK,Nantucket Mem,Nantucket,41.253053,-70.060181
FAF,Felker Aaf,Fort Eustis,37.1325,-76.608841
HOP,Campbell Aaf,Hopkinsville,36.668567,-87.496183
DCA,Ronald Reagan Washington Natl,Washington,38.852083,-77.037722
NHK,Patuxent River Nas,Patuxent River,38.285981,-76.411781
PSX,Palacios Muni,Palacios,28.727508,-96.250958
BYH,Arkansas Intl,Blytheville,35.964347,-89.943956
ACY,Atlantic City Intl,Atlantic City,39.457583,-74.577167
TIK,Tinker Afb,Oklahoma City,35.414739,-97.386633
ECG,Elizabeth City Cgas Rgnl,Elizabeth City,36.260581,-76.174572
PUB,Pueblo Memorial,Pueblo,38.289085,-104.496572
PQI,Northern Maine Rgnl At Presque Isle,Presque Isle,46.688958,-68.044797
IKR,Kirtland Air Force Base,Kirtland A.f.b.,35.040222,-106.609194
GRF,Gray Aaf,Fort Lewis,47.079217,-122.580783
ADQ,Kodiak,Kodiak,57.749967,-152.493856
UPP,Upolu,Opolu,20.265256,-155.859989
FLL,Fort Lauderdale Hollywood Intl,Fort Lauderdale,26.072583,-80.15275
MKO,Davis Fld,Muskogee,35.656489,-95.366656
INL,Falls Intl,International Falls,48.566186,-93.403067
SLC,Salt Lake City Intl,Salt Lake City,40.788389,-111.977772
CDS,Childress Muni,Childress,34.433781,-100.287992
BIX,Keesler Afb,Biloxi,30.410425,-88.924433
LSF,Lawson Aaf,Fort Benning,32.337322,-84.991283
NQI,Kingsville Nas,Kingsville,27.507223,-97.809723
FRI,Marshall Aaf,Fort Riley,39.055275,-96.764453
MDT,Harrisburg Intl,Harrisburg,40.193494,-76.763403
LNK,Lincoln,Lincoln,40.850971,-96.75925
LAN,Capital City,Lansing,42.7787,-84.587357
MUE,Waimea Kohala,Kamuela,20.001328,-155.668108
MSS,Massena Intl Richards Fld,Massena,44.935833,-74.845547
HKY,Hickory Rgnl,Hickory,35.741147,-81.38955
SPG,Albert Whitted,St. Petersburg,27.765111,-82.626972
FMY,Page Fld,Fort Myers,26.586611,-81.86325
IAH,George Bush Intercontinental,Houston,29.984433,-95.341442
MLT,Millinocket Muni,Millinocket,45.647836,-68.685561
ADW,Andrews Afb,Camp Springs,38.810806,-76.867028
INT,Smith Reynolds,Winston-salem,36.133722,-80.222
VCV,Southern California Logistics,Victorville,34.597453,-117.382997
CEW,Bob Sikes,Crestview,30.778833,-86.522111
GTB,Wheeler Sack Aaf,Fort Drum,44.055619,-75.719458
PHN,St Clair Co Intl,Port Huron,42.910957,-82.528862
BFL,Meadows Fld,Bakersfield,35.433598,-119.05677
ELP,El Paso Intl,El Paso,31.80725,-106.377583
HRL,Valley Intl,Harlingen,26.2285,-97.654389
CAE,Columbia Metropolitan,Columbia,33.938833,-81.119528
DMA,Davis Monthan Afb,Tucson,32.166467,-110.883144
NPA,Pensacola Nas,Pensacola,30.352656,-87.318647
PNS,Pensacola Rgnl,Pensacola,30.473425,-87.186611
RDR,Grand Forks Afb,Red River,47.961098,-97.401194
HOU,William P Hobby,Houston,29.645419,-95.278889
BKF,Buckley Afb,Buckley,39.701668,-104.75166
ORT,Northway,Northway,62.961334,-141.929136
PAQ,Palmer Muni,Palmer,61.594914,-149.088711
PIT,Pittsburgh Intl,Pittsburgh,40.491467,-80.232872
BRW,Wiley Post Will Rogers Mem,Barrow,71.285446,-156.766003
EFD,Ellington Fld,Houston,29.607333,-95.15875
NUW,Whidbey Island Nas,Whidbey Island,48.351803,-122.655906
ALI,Alice Intl,Alice,27.740889,-98.026944
VAD,Moody Afb,Valdosta,30.967833,-83.193
MIA,Miami Intl,Miami,25.79325,-80.290556
SEA,Seattle Tacoma Intl,Seattle,47.449,-122.309306
CHA,Lovell Fld,Chattanooga,35.035278,-85.203808
BDR,Igor I Sikorsky Mem,Stratford,41.163472,-73.126167
JAN,Jackson Evers Intl,Jackson,32.311167,-90.075889
GLS,Scholes Intl At Galveston,Galveston,29.265322,-94.860406
LGB,Long Beach,Long Beach,33.817722,-118.151611
HDH,Dillingham,Dillingham,21.579475,-158.197281
IPT,Williamsport Rgnl,Williamsport,41.241836,-76.921094
IND,Indianapolis Intl,Indianapolis,39.717331,-86.294383
SZL,Whiteman Afb,Knobnoster,38.730306,-93.547864
AKC,Akron Fulton Intl,Akron,41.0375,-81.466917
GWO,Greenwood Leflore,Greenwood,33.494328,-90.084706
HPN,Westchester Co,White Plains,41.066959,-73.707575
FOK,Francis S Gabreski,West Hampton Beach,40.843656,-72.631789
JBR,Jonesboro Muni,Jonesboro,35.831708,-90.646417
TNX,Tonopah Test Range,Tonopah,37.798836,-116.78075
LNA,Palm Beach Co Park,West Palm Beach,26.593,-80.085056
NZY,North Island Nas,San Diego,32.699219,-117.21531
BIF,Biggs Aaf,El Paso,31.849528,-106.380039
YUM,Yuma Mcas Yuma Intl,Yuma,32.656578,-114.60598
CNM,Cavern City Air Terminal,Carlsbad,32.337472,-104.263278
DLH,Duluth Intl,Duluth,46.842091,-92.193649
BET,Bethel,Bethel,60.779778,-161.838
LOU,Bowman Fld,Louisville,38.228,-85.663722
FHU,Sierra Vista Muni Libby Aaf,Fort Huachuca,31.588472,-110.344389
LIH,Lihue,Lihue,21.975983,-159.338958
HUF,Terre Haute Intl Hulman Fld,Terre Haute,39.451464,-87.307561
HVR,Havre City Co,Havre,48.542983,-109.762342
MWH,Grant Co Intl,Grant County Airport,47.207708,-119.32019
MPV,Edward F Knapp State,Montpelier,44.203503,-72.562328
RIC,Richmond Intl,Richmond,37.505167,-77.319667
SHV,Shreveport Rgnl,Shreveport,32.446629,-93.8256
CDV,Merle K Mudhole Smith,Cordova,60.491778,-145.477556
ORF,Norfolk Intl,Norfolk,36.894611,-76.201222
BPT,Southeast Texas Rgnl,Beaumont,29.950833,-94.020694
SAV,Savannah Hilton Head Intl,Savannah,32.127583,-81.202139
HIF,Hill Afb,Ogden,41.123939,-111.973039
OME,Nome,Nome,64.512203,-165.445247
SPB,Scappoose Industrial Airpark,San Luis,45.771028,-122.861833
PIE,St Petersburg Clearwater Intl,St. Petersburg,27.910167,-82.687389
MNM,Menominee Marinette Twin Co,Macon,45.12665,-87.638443
CXO,Lone Star Executive,Conroe,30.351833,-95.414467
SCC,Deadhorse,Deadhorse,70.19475,-148.465167
SAT,San Antonio Intl,San Antonio,29.533694,-98.469778
ROC,Greater Rochester Intl,Rochester,43.118866,-77.672389
COF,Patrick Afb,Coco Beach,28.234922,-80.610125
TEB,Teterboro,Teterboro,40.850103,-74.060837
RCA,Ellsworth Afb,Rapid City,44.145042,-103.103567
RDU,Raleigh Durham Intl,Raleigh-durham,35.877639,-78.787472
DAY,James M Cox Dayton Intl,Dayton,39.902375,-84.219375
ENA,Kenai Muni,Kenai,60.573111,-151.245
MLC,Mc Alester Rgnl,Mcalester,34.882403,-95.783463
IAG,Niagara Falls Intl,Niagara Falls,43.107333,-78.946194
CFD,Coulter Fld,Bryan,30.715694,-96.331361
PHF,Newport News Williamsburg Intl,Newport News,37.131894,-76.492989
ESF,Esler Rgnl,Alexandria,31.394903,-92.295772
LTS,Altus Afb,Altus,34.667067,-99.266681
TUS,Tucson Intl,Tucson,32.116083,-110.941028
MIB,Minot Afb,Minot,48.415572,-101.357661
BAB,Beale Afb,Marysville,39.136089,-121.436567
IKK,Greater Kankakee,Kankakee,41.071389,-87.846278
GSB,Seymour Johnson Afb,Goldsboro,35.339383,-77.960589
PVD,Theodore Francis Green State,Providence,41.732581,-71.420383
SBY,Salisbury Ocean City Wicomico Rgnl,Salisbury,38.340525,-75.510289
RIU,Rancho Murieta,Rancho Murieta,38.486778,-121.102778
BUR,Bob Hope,Burbank,34.200667,-118.358667
DTW,Detroit Metro Wayne Co,Detroit,42.212444,-83.353389
TPA,Tampa Intl,Tampa,27.975472,-82.53325
PMB,Pembina Muni,Pembina,48.942501,-97.240833
POE,Polk Aaf,Fort Polk,31.044833,-93.191667
EIL,Eielson Afb,Fairbanks,64.665667,-147.1015
HIB,Chisholm Hibbing,Hibbing,47.3866,-92.838994
LFK,Angelina Co,Lufkin,31.234014,-94.75
MAF,Midland Intl,Midland,31.942528,-102.201914
GRB,Austin Straubel Intl,Green Bay,44.485072,-88.129589
ADM,Ardmore Muni,Ardmore,34.300833,-97.008889
WRI,Mc Guire Afb,Wrightstown,40.015556,-74.591667
NKT,Cherry Point Mcas,Cherry Point,34.900872,-76.880733
SBO,Emanuel Co,Santa Barbara,32.609139,-82.369944
AGS,Augusta Rgnl At Bush Fld,Bush Field,33.369944,-81.9645
ISN,Sloulin Fld Intl,Williston,48.177939,-103.642347
LIT,Adams Fld,Little Rock,34.729444,-92.224306
SWF,Stewart Intl,Newburgh,41.504094,-74.104839
BDE,Baudette Intl,Baudette,48.728444,-94.612222
SAC,Sacramento Executive,Sacramento,38.512524,-121.49347
HOM,Homer,Homer,59.645556,-151.476583
TBN,Waynesville Rgnl Arpt At Forney Fld,Fort Leonardwood,37.741631,-92.140736
MGE,Dobbins Arb,Marietta,33.915382,-84.516319
SKA,Fairchild Afb,Spokane,47.615058,-117.655772
HTL,Roscommon Co,Houghton Lake,44.359806,-84.671112
PAM,Tyndall Afb,Panama City,30.069567,-85.575417
DFW,Dallas Fort Worth Intl,Dallas-Fort Worth,32.896828,-97.037997
MLB,Melbourne Intl,Melbourne,28.102753,-80.645258
TCM,Mc Chord Afb,Tacoma,47.137678,-122.476475
AUS,Austin Bergstrom Intl,Austin,30.194528,-97.669889
LCK,Rickenbacker Intl,Columbus,39.813786,-82.927822
TYS,Mc Ghee Tyson,Knoxville,35.810972,-83.994028
HLR,Hood Aaf,Fort Hood,31.138731,-97.714469
STL,Lambert St Louis Intl,St. Louis,38.748697,-90.370028
MIV,Millville Muni,Millville,39.367806,-75.072222
SPS,Sheppard Afb Wichita Falls Muni,Wichita Falls,33.988797,-98.491894
LUK,Cincinnati Muni Lunken Fld,Cincinnati,39.103333,-84.418611
ATL,Hartsfield Jackson Atlanta Intl,Atlanta,33.636719,-84.428067
MER,Castle,Merced,37.380481,-120.568189
MCC,Mc Clellan Afld,Sacramento,38.667639,-121.400611
GRR,Gerald R Ford Intl,Grand Rapids,42.880833,-85.522806
INK,Winkler Co,Wink,31.779628,-103.201361
FAT,Fresno Yosemite Intl,Fresno,36.776194,-119.71814
VRB,Vero Beach Muni,Vero Beach,27.655556,-80.417944
IPL,Imperial Co,Imperial,32.834219,-115.578744
BNA,Nashville Intl,Nashville,36.124472,-86.678194
LRD,Laredo Intl,Laredo,27.54375,-99.461556
EDF,Elmendorf Afb,Anchorage,61.250986,-149.806503
OTZ,Ralph Wien Mem,Kotzebue,66.884678,-162.59855
AOO,Altoona Blair Co,Altoona,40.296372,-78.320022
DYS,Dyess Afb,Abilene,32.420756,-99.8546
ELD,South Arkansas Rgnl At Goodwin Fld,El Dorado,33.220972,-92.813278
LGA,La Guardia,New York,40.777245,-73.872608
TLH,Tallahassee Rgnl,Tallahassee,30.396528,-84.350333
DPA,Dupage,West Chicago,41.907778,-88.248611
ACT,Waco Rgnl,Waco,31.611289,-97.230519
AUG,Augusta State,Augusta,44.320647,-69.797317
INJ,Hillsboro Muni,Hillsboro,32.083486,-97.097228
NIP,Jacksonville Nas,Jacksonville,30.235834,-81.680556
MKL,Mc Kellar Sipes Rgnl,Jackson,35.599889,-88.915611
MKK,Molokai,Molokai,21.152886,-157.096256
FTK,Godman Aaf,Fort Knox,37.907058,-85.972106
SJT,San Angelo Rgnl Mathis Fld,San Angelo,31.35775,-100.496306
CXL,Calexico Intl,Calexico,32.669502,-115.51333
CIC,Chico Muni,Chico,39.795383,-121.858422
BTV,Burlington Intl,Burlington,44.471861,-73.153278
JAX,Jacksonville Intl,Jacksonville,30.494056,-81.687861
DRO,Durango La Plata Co,Durango,37.151516,-107.75377
IAD,Washington Dulles Intl,Washington,38.944533,-77.455811
CLL,Easterwood Fld,College Station,30.588583,-96.363833
SFF,Felts Fld,Spokane,47.682819,-117.322558
MKE,General Mitchell Intl,Milwaukee,42.947222,-87.896583
ABI,Abilene Rgnl,Abilene,32.411319,-99.681897
COU,Columbia Rgnl,Columbia,38.818094,-92.219631
PDX,Portland Intl,Portland,45.588722,-122.5975
TNT,Dade Collier Training And Transition,Miami,25.861806,-80.897
PBI,Palm Beach Intl,West Palm Beach,26.683161,-80.095589
FTW,Fort Worth Meacham Intl,Fort Worth,32.819778,-97.362444
OGS,Ogdensburg Intl,Ogdensburg,44.681854,-75.4655
FMH,Otis Angb,Falmouth,41.658439,-70.521417
BFI,Boeing Fld King Co Intl,Seattle,47.53,-122.301947
SKF,Lackland Afb Kelly Fld Annex,San Antonio,29.384228,-98.581108
HNL,Honolulu Intl,Honolulu,21.318681,-157.922428
DSM,Des Moines Intl,Des Moines,41.533972,-93.663083
EWN,Craven Co Rgnl,New Bern,35.072972,-77.042944
SAN,San Diego Intl,San Diego,32.733556,-117.189667
MLU,Monroe Rgnl,Monroe,32.510864,-92.037689
SSC,Shaw Afb,Sumter,33.972719,-80.470564
ONT,Ontario Intl,Ontario,34.056,-117.601194
GVT,Majors,Greenvile,33.067839,-96.065333
ROW,Roswell Intl Air Center,Roswell,33.301556,-104.530556
DET,Coleman A Young Muni,Detroit,42.409195,-83.009861
BRO,Brownsville South Padre Island Intl,Brownsville,25.906833,-97.425861
DHN,Dothan Rgnl,Dothan,31.321339,-85.449628
WWD,Cape May Co,Wildwood,39.008507,-74.908275
NFL,Fallon Nas,Fallon,39.416584,-118.70098
MTC,Selfridge Angb,Mount Clemens,42.608333,-82.8355
FMN,Four Corners Rgnl,Farmington,36.74125,-108.229944
CRP,Corpus Christi Intl,Corpus Christi,27.770361,-97.501222
SYR,Syracuse Hancock Intl,Syracuse,43.111187,-76.106311
NQX,Key West Nas,Key West,24.575834,-81.688889
MDW,Chicago Midway Intl,Chicago,41.785972,-87.752417
SJC,Norman Y Mineta San Jose Intl,San Jose,37.3626,-121.929022
HOB,Lea Co Rgnl,Hobbs,32.687528,-103.217028
PNE,Northeast Philadelphia,Philadelphia,40.081944,-75.010586
DEN,Denver Intl,Denver,39.861656,-104.673178
PHL,Philadelphia Intl,Philadelphia,39.871944,-75.241139
SUX,Sioux Gateway Col Bud Day Fld,Sioux City,42.402603,-96.384367
MCN,Middle Georgia Rgnl,Macon,32.69285,-83.649211
TCS,Truth Or Consequences Muni,Truth Or Consequences,33.236944,-107.27175
PMD,Palmdale Rgnl Usaf Plt 42,Palmdale,34.629391,-118.08456
RND,Randolph Afb,San Antonio,29.529675,-98.2789
NJK,El Centro Naf,El Centro,32.829222,-115.671667
CMH,Port Columbus Intl,Columbus,39.997972,-82.891889
FYV,Drake Fld,Fayetteville,36.005094,-94.170059
FSI,Henry Post Aaf,Fort Sill,34.649833,-98.402167
PNM,Princeton Muni,Princeton,45.559868,-93.608217
FFO,Wright Patterson Afb,Dayton,39.826111,-84.048332
GAL,Edward G Pitka Sr,Galena,64.736178,-156.937417
MWL,Mineral Wells,Mineral Wells,32.781606,-98.060175
IAB,Mc Connell Afb,Wichita,37.621853,-97.268192
NBG,New Orleans Nas Jrb,New Orleans,29.825333,-90.035
BFT,Beaufort,Beaufort,32.477411,-80.723161
TXK,Texarkana Rgnl Webb Fld,Texarkana,33.453722,-93.991028
PBG,Plattsburgh Intl,Plattsburgh,44.650944,-73.468139
APG,Phillips Aaf,Aberdeen,39.466219,-76.168808
TCC,Tucumcari Muni,Tucumcari,35.182777,-103.603186
ANC,Ted Stevens Anchorage Intl,Anchorage,61.174361,-149.996361
GRK,Robert Gray Aaf,Killeen,31.06725,-97.828917
ZUN,Black Rock,Zuni Pueblo,35.083228,-108.791778
BLI,Bellingham Intl,Bellingham,48.792694,-122.537528
NQA,Millington Rgnl Jetport,Millington,35.356667,-89.870278
EKN,Elkins Randolph Co Jennings Randolph,Elkins,38.889444,-79.857139
HFD,Hartford Brainard,Hartford,41.736722,-72.649444
SFZ,North Central State,Smithfield,41.920764,-71.491381
MOB,Mobile Rgnl,Mobile,30.691231,-88.242814
NUQ,Moffett Federal Afld,Mountain View,37.416142,-122.049139
SAF,Santa Fe Muni,Santa Fe,35.617108,-106.089422
BKH,Barking Sands Pmrf,Barking Sands,22.022833,-159.785
DRI,Beauregard Rgnl,Deridder,30.831722,-93.339917
BSF,Bradshaw Aaf,Bradshaw Field,19.760056,-155.553717
OLS,Nogales Intl,Nogales,31.417722,-110.84789
MCF,Macdill Afb,Tampa,27.849339,-82.521214
BLV,Scott Afb Midamerica,Belleville,38.545178,-89.835183
OPF,Opa Locka,Miami,25.907,-80.278389
DRT,Del Rio Intl,Del Rio,29.374208,-100.927158
RSW,Southwest Florida Intl,Fort Myers,26.536167,-81.755167
AKN,King Salmon,King Salmon,58.676778,-156.649278
MUI,Muir Aaf,Muir,40.434811,-76.569411
JHM,Kapalua,Lahania-kapalua,20.962936,-156.673031
JFK,John F Kennedy Intl,New York,40.639751,-73.778925
HST,Homestead Arb,Homestead,25.48855,-80.383567
RAL,Riverside Muni,Riverside,33.951875,-117.445103
FLV,Sherman Aaf,Fort Leavenworth,39.368332,-94.914686
WAL,Wallops Flight Facility,Wallops Island,37.940194,-75.466389
HMN,Holloman Afb,Alamogordo,32.852519,-106.106525
NXX,Willow Grove Nas Jrb,Willow Grove,40.199833,-75.148167
CYS,Cheyenne Rgnl Jerry Olson Fld,Cheyenne,41.155722,-104.811839
SCK,Stockton Metropolitan,Stockton,37.894167,-121.238306
CHS,Charleston Afb Intl,Charleston,32.898647,-80.040528
RNO,Reno Tahoe Intl,Reno,39.499108,-119.768108
KTN,Ketchikan Intl,Ketchikan,55.355556,-131.71375
YIP,Willow Run,Detroit,42.237928,-83.530408
VBG,Vandenberg Afb,Lompoc,34.737333,-120.584306
BHM,Birmingham Intl,Birmingham,33.562942,-86.75355
NEL,Lakehurst Naes,Lakehurst,40.033333,-74.353333
SYA,Eareckson As,Shemya,52.712275,174.11362
LSV,Nellis Afb,Las Vegas,36.236197,-115.034253
RIV,March Arb,Riverside,33.880711,-117.259453
MOD,Modesto City Co Harry Sham,Modesto,37.625817,-120.954422
SMF,Sacramento Intl,Sacramento,38.695417,-121.590778
UGN,Waukegan Rgnl,Chicago,42.422161,-87.867908
COS,City Of Colorado Springs Muni,Colorado Springs,38.805805,-104.700778
BUF,Buffalo Niagara Intl,Buffalo,42.940525,-78.732167
SKY,Griffing Sandusky,Sandusky,41.433361,-82.652333
PAE,Snohomish Co,Everett,47.906342,-122.281564
MUO,Mountain Home Afb,Mountain Home,43.043603,-115.872431
CDC,Cedar City Rgnl,Cedar City,37.700967,-113.098847
BDL,Bradley Intl,Windsor Locks,41.938889,-72.683222
MFE,Mc Allen Miller Intl,Mcallen,26.175833,-98.238611
NGU,Norfolk Ns,Norfolk,36.937644,-76.289289
CEF,Westover Arb Metropolitan,Chicopee Falls,42.194014,-72.534783
LBB,Lubbock Preston Smith Intl,Lubbock,33.663639,-101.822778
ORD,Chicago Ohare Intl,Chicago,41.978603,-87.904842
BCT,Boca Raton,Boca Raton,26.3785,-80.107694
FAI,Fairbanks Intl,Fairbanks,64.815114,-147.856267
NYG,Quantico Mcaf,Quantico,38.501683,-77.305333
CVS,Cannon Afb,Clovis,34.382775,-103.322147
NGF,Kaneohe Bay Mcaf,Kaneohe Bay,21.450453,-157.768
OFF,Offutt Afb,Omaha,41.118332,-95.912511
GKN,Gulkana,Gulkana,62.154888,-145.456639
ART,Watertown Intl,Watertown,43.991922,-76.021739
PSP,Palm Springs Intl,Palm Springs,33.829667,-116.506694
AMA,Rick Husband Amarillo Intl,Amarillo,35.219369,-101.705931
FOD,Fort Dodge Rgnl,Fort Dodge,42.5512,-94.191842
BAD,Barksdale Afb,Shreveport,32.50182,-93.662674
FOE,Forbes Fld,Topeka,38.950944,-95.663611
COT,Cotulla Lasalle Co,Cotulla,28.456694,-99.220294
ILM,Wilmington Intl,Wilmington,34.270615,-77.902569
BTR,Baton Rouge Metro Ryan Fld,Baton Rouge,30.533167,-91.149639
NMM,Meridian Nas,Meridian,32.552083,-88.555557
TYR,Tyler Pounds Rgnl,Tyler,32.354139,-95.402386
BWI,Baltimore Washington Intl,Baltimore,39.175361,-76.668333
HBR,Hobart Muni,Hobart,34.991308,-99.051353
LNY,Lanai,Lanai,20.785611,-156.951419
AEX,Alexandria Intl,Alexandria,31.3274,-92.549833
WSD,Condron Aaf,White Sands,32.341484,-106.40277
CDB,Cold Bay,Cold Bay,55.206061,-162.725436
TUL,Tulsa Intl,Tulsa,36.198389,-95.888111
SIT,Sitka Rocky Gutierrez,Sitka,57.047138,-135.361611
ISP,Long Island Mac Arthur,Islip,40.79525,-73.100222
MSP,Minneapolis St Paul Intl,Minneapolis,44.881956,-93.221767
ILG,New Castle,Wilmington,39.678722,-75.606528
DUT,Unalaska,Unalaska,53.900139,-166.5435
MSY,Louis Armstrong New Orleans Intl,New Orleans,29.993389,-90.258028
PWM,Portland Intl Jetport,Portland,43.646161,-70.309281
OKC,Will Rogers World,Oklahoma City,35.393089,-97.600733
ALB,Albany Intl,Albany,42.748267,-73.801692
VDZ,Valdez Pioneer Fld,Valdez,61.133949,-146.248342
LFI,Langley Afb,Hampton,37.082881,-76.360547
SNA,John Wayne Arpt Orange Co,Santa Ana,33.675667,-117.868222
CBM,Columbus Afb,Colombus,33.643833,-88.443833
TMB,Kendall Tamiami Executive,Kendall-tamiami,25.647889,-80.432777
NTU,Oceana Nas,Oceana,36.820703,-76.033542
GUS,Grissom Arb,Peru,40.648094,-86.152119
CPR,Natrona Co Intl,Casper,42.908,-106.464417
VPS,Eglin Afb,Valparaiso,30.48325,-86.5254
SEM,Craig Fld,Selma,32.343947,-86.987803
EYW,Key West Intl,Key West,24.556111,-81.759556
CLT,Charlotte Douglas Intl,Charlotte,35.214,-80.943139
LAS,Mc Carran Intl,Las Vegas,36.080056,-115.15225
MCO,Orlando Intl,Orlando,28.429394,-81.308994
FLO,Florence Rgnl,Florence,34.185361,-79.723889
GTF,Great Falls Intl,Great Falls,47.482,-111.370689
YNG,Youngstown Warren Rgnl,Youngstown,41.260736,-80.679097
FBK,Ladd Aaf,Fort Wainwright,64.8375,-147.614444
MMV,Mc Minnville Muni,Mackminnville,45.194444,-123.135944
WRB,Robins Afb,Macon,32.640144,-83.59185
PUW,Pullman-Moscow Rgnl,Pullman,46.743861,-117.109583
LWS,Lewiston Nez Perce Co,Lewiston,46.3745,-117.015389
ELM,Elmira Corning Rgnl,Elmira,42.159889,-76.891611
ITH,Ithaca Tompkins Rgnl,Ithaca,42.491028,-76.458444
MRY,Monterey Peninsula,Monterey,36.587,-121.842944
SBA,Santa Barbara Muni,Santa Barbara,34.426211,-119.840372
DAB,Daytona Beach Intl,Daytona Beach,29.179917,-81.058056
JRB,Wall Street Heliport,New York,40.701214,-74.009028
TKA,Talkeetna,Talkeetna,62.3205,-150.093694
HVN,Tweed-New Haven Airport,New Haven,41.26375,-72.886806
AVL,Asheville Regional Airport,Asheville,35.436194,-82.541806
GSO,Piedmont Triad,Greensboro,36.09775,-79.937306
FSD,Sioux Falls,Sioux Falls,43.582014,-96.741914
MHT,Manchester Regional Airport,Manchester NH,42.932556,-71.435667
APF,Naples Muni,Naples,26.152619,-81.775294
SDF,Louisville International Airport,Louisville,38.1740858,-85.7364989
CHO,Charlottesville-Albemarle,Charlottesville VA,38.138639,-78.452861
ROA,Roanoke Regional,Roanoke VA,37.325472,-79.975417
LEX,Blue Grass,Lexington KY,38.0365,-84.605889
EVV,Evansville Regional,Evansville,38.036997,-87.532364
ABQ,Albuquerque International Sunport,Albuquerque,35.0402222,-106.6091944
BZN,Gallatin Field,Bozeman,45.777643,-111.160151
BIL,Billings Logan International Airport,Billings,45.80921,-108.537654
BTM,Bert Mooney Airport,Butte,45.954806,-112.497472
TVC,Cherry Capital Airport,Traverse City,44.741445,-85.582235
BHB,Hancock County - Bar Harbor,Bar Harbor,44.4497689,-68.3615653
RKD,Knox County Regional Airport,Rockland,44.0601111,-69.0992303
JAC,Jackson Hole Airport,Jacksn Hole,43.60733333,-110.73775
RFD,Chicago Rockford International Airport ,Rockford,42.1953611,-89.0972222
TSS,East 34th Street Heliport,New York,40.7425,-73.971944
GSP,Greenville-Spartanburg International,Greenville,34.895556,-82.218889
BMI,Central Illinois Rgnl,Bloomington,40.477111,-88.915917
GPT,Gulfport-Biloxi,Gulfport,30.407278,-89.070111
AZO,Kalamazoo,Kalamazoo,42.234875,-85.552058
TOL,Toledo,Toledo,41.586806,-83.807833
FWA,Fort Wayne,Fort Wayne,40.978472,-85.195139
DEC,Decatur,Decatur,39.834564,-88.865689
CID,Cedar Rapids,Cedar Rapids,41.884694,-91.710806
LSE,La Crosse Municipal,La Crosse,43.878986,-91.256711
CWA,Central Wisconsin,Wassau,44.772726,-89.646635
PIA,Peoria Regional,Peoria,40.664203,-89.693258
ATW,Appleton,Appleton,44.257526,-88.507576
RST,Rochester,Rochester,43.908283,-92.500014
CMI,Champaign,Champaign,40.03925,-88.278056
MHK,Manhattan Reigonal,Manhattan,39.140972,-96.670833
FKL,Franklin,Franklin,41.377874,-79.860362
GJT,Grand Junction Regional,Grand Junction,39.122413,-108.526735
SGU,St George Muni,Saint George,37.090583,-113.593056
DWH,David Wayne Hooks Field,Houston,30.063746,-95.554276
S46,Port O\\'Connor Airfield,Port O\\'Connor,28.429977,-96.442859
SRQ,Sarasota Bradenton Intl,Sarasota,27.395444,-82.554389
VNY,Van Nuys,Van Nuys,34.209811,-118.489972
X21,Arthur Dunn Airpark,Titusville,28.622552,-80.83541
MLI,Quad City Intl,Moline,41.448528,-90.507539
PFN,Panama City Bay Co Intl,Panama City,30.212083,-85.682806
DWS,Orlando,Orlando,28.398,-81.57
BIS,Bismarck Municipal Airport,Bismarck,46.775842,-100.757931
TEX,Telluride,Telluride,37.953759,-107.90848
RAP,Rapid City Regional Airport,Rapid City,44.045278,-103.057222
CLD,McClellan-Palomar Airport,Carlsbad,33.0742,-117.1648
FNT,Bishop International,Flint,42.965424,-83.743629
RDD,Redding Muni,Redding,40.509,-122.293389
EUG,Mahlon Sweet Fld,Eugene,44.124583,-123.211972
IDA,Idaho Falls Rgnl,Idaho Falls,43.514556,-112.07075
MFR,Rogue Valley Intl Medford,Medford,42.374228,-122.8735
RDM,Roberts Fld,Redmond-Bend,44.254066,-121.149964
CAK,Akron Canton Regional Airport,Akron,40.9160833,-81.4421944
HSV,Huntsville International Airport-Carl T Jones Field,Huntsville,34.6371944,-86.7750556
PKB,Mid-Ohio Valley Regional Airport,PARKERSBURG,39.3451039,-81.4392031
MGM,Montgomery Regional Airport ,MONTGOMERY,32.3006389,-86.3939722
TRI,Tri-Cities Regional Airport,BRISTOL,36.4752222,-82.4074167
PAH,Barkley Regional Airport,PADUCAH,37.0602875,-88.7729583
FCA,Glacier Park Intl,Kalispell,48.310472,-114.256
PGA,Page Municipal Airport,Page,36.9261,-111.4483
MBS,Mbs Intl,Saginaw,43.532913,-84.079647
BGM,Greater Binghamton Edwin A Link Fld,Binghamton,42.208689,-75.979839
BLH,Blythe Airport,Blythe,33.619167,-114.716889
PSG,Petersburg James A. Johnson,Petersburg,56.801667,-132.945278
SFB,Orlando Sanford Intl,Sanford,28.777639,-81.237489
JST,John Murtha Johnstown-Cambria County Airport,Johnstown,40.316111,-78.833889
MSO,Missoula Intl,Missoula,46.916306,-114.090556
GCN,Grand Canyon National Park Airport,Grand Canyon,35.9523611,-112.1469722
SGR,Sugar Land Regional Airport,Sugar Land,29.62225,-95.6565278
APA,Centennial,Denver,39.570129,-104.849294
CVN,Clovis Muni,Clovis,34.425139,-103.079278
FST,Fort Stockton Pecos Co,Fort Stockton,30.915667,-102.916139
LVS,Las Vegas Muni,Las Vegas,35.654222,-105.142389
IWS,West Houston,Houston,29.818194,-95.672611
LHX,La Junta Muni,La Junta,38.049719,-103.509431
LRU,Las Cruces Intl,Las Cruces,32.289417,-106.921972
BKD,Stephens Co,Breckenridge,32.719047,-98.891
TPL,Draughon Miller Central Texas Rgnl,Temple,31.1525,-97.407778
OZA,Ozona Muni,Ozona,30.735281,-101.202972
WKL,Waikoloa Heliport,Waikoloa Village,19.9136,-155.864
EGE,Eagle Co Rgnl,Vail,39.642556,-106.917694
CGF,Cuyahoga County,Richmond Heights,41.565124,-81.4863555
MFD,Mansfield Lahm Regional,Mansfield,40.8214167,-82.5166389
CSG,Columbus Metropolitan Airport,Columbus,32.5163333,-84.9388611
LAW,Lawton-Fort Sill Regional Airport,Lawton,34.5677144,-98.4166367
FNL,Fort Collins Loveland Muni,Fort Collins,40.451828,-105.011336
FLG,Flagstaff Pulliam Airport,Flagstaff,35.140318,-111.6692392
TVL,Lake Tahoe Airport,South Lake Tahoe,38.893889,-119.995278
TWF,Magic Valley Regional Airport,Twin Falls,42.481803,-114.487733
MVY,Martha\\'s Vineyard,Vineyard Haven MA,41.391667,-70.615278
UUU,Newport State,Newport RI,41.533056,-71.282222
VSF,Hartness State,Springfield VT,43.343333,-72.517222
CON,Concord Municipal,Concord NH,43.20267,-71.50233
SFM,Sanford Regional,Sanford ME,43.39383,-70.708
GON,Groton New London,Groton CT,41.330056,-72.045139
STC,Saint Cloud Regional Airport,Saint Cloud,45.546556,-94.059889
GTR,Golden Triangle Regional Airport,Columbus Mississippi,33.450333,-88.591361
HQM,Bowerman Field,Hoquiam,46.9711944,-123.9365556
ERI,Erie Intl Tom Ridge Fld,Erie,42.082022,-80.176217
HYA,Barnstable Muni Boardman Polando Fld,Barnstable,41.669336,-70.280356
SDX,Sedona,Sedona,34.848628,-111.788472
MGW,Morgantown Muni Walter L Bill Hart Fld,Morgantown,39.642908,-79.916314
CRW,Yeager,Charleston,38.373147,-81.593189
AVP,Wilkes Barre Scranton Intl,Scranton,41.338478,-75.723403
BJI,Bemidji Regional Airport,Bemidji,47.510722,-94.934722
FAR,Hector International Airport,Fargo,46.92065,-96.8157639
MKC,Downtown,Kansas City,39.1275,-94.598889
AZA,Phoenix-Mesa Gateway,Mesa,33.307833,-111.655
GCC,Gillette-Campbell County Airport,Gillette,44.3489167,-105.5393611
NZJ,El Toro,Santa Ana,33.676132,-117.731164
ECA,Iosco County,East Tawas,44.311,-83.422
SCE,University Park Airport,State College Pennsylvania,40.849278,-77.848694
MEI,Key Field,Meridian,32.332624,-88.751868
SPI,Abraham Lincoln Capital,Springfield,39.8441,-89.677889
CEZ,Cortez Muni,Cortez,37.303,-108.628056
HDN,Yampa Valley,Hayden,40.481181,-107.21766
GUP,Gallup Muni,Gallup,35.511058,-108.789308
LBL,Liberal Muni,Liberal,37.044222,-100.95986
LAA,Lamar Muni,Lamar,38.069694,-102.6885
GLD,Renner Fld,Goodland,39.370621,-101.698992
COD,Yellowstone Rgnl,Cody,44.520194,-109.023806
SGF,Springfield Branson Natl,Springfield,37.245667,-93.388639
JLN,Joplin Rgnl,Joplin,37.151814,-94.498269
ABE,Lehigh Valley Intl,Allentown,40.652083,-75.440806
XNA,NW Arkansas Regional,Bentonville,36.2818694,-94.3068111
SBN,South Bend Rgnl,South Bend,41.708661,-86.31725
ZWU,Washington Union Station,Washington,38.89746,-77.00643
SMD,Smith Fld,Fort Wayne IN,41.143353,-85.152778
ACV,Arcata,Arcata CA,40.978111,-124.108611
ATT,Camp Mabry Austin City,Austin TX,30.31666,-97.7666
OAJ,Albert J Ellis,Jacksonville NC,34.829164,-77.612139
TCL,Tuscaloosa Rgnl,Tuscaloosa AL,33.220627,-87.611403
DBQ,Dubuque Rgnl,Dubuque IA,42.402,-90.709472
LUP,Kalaupapa Airport,Molokai,21.211,-156.974
WRG,Wrangell Airport,Wrangell,56.4843,-132.37
VAK,Chevak Airport,Chevak,61.5338,-165.584
ANI,Aniak Airport,Aniak,61.5816,-159.543
MOU,Mountain Village Airport,Mountain Village,62.0954,-163.682
MCG,McGrath Airport,Mcgrath,62.9529,-155.606
KLG,Kalskag Airport,Kalskag,61.5363,-160.341
HNS,Haines Airport,Haines,59.2438,-135.524
HCR,Holy Cross Airport,Holy Cross,62.1883,-159.775
SGY,Skagway Airport,Skagway,59.4601,-135.316
GST,Gustavus Airport,Gustavus,58.4253,-135.707
ADK,Adak Airport,Adak Island,51.878,-176.646
YKM,Yakima Air Terminal McAllister Field,Yakima,46.5682,-120.544
WRL,Worland Municipal Airport,Worland,43.9657,-107.951
VLD,Valdosta Regional Airport,Valdosta,30.7825,-83.2767
VCT,Victoria Regional Airport,Victoria,28.8526,-96.9185
UIN,Quincy Regional Baldwin Field,Quincy,39.9427,-91.1946
TUP,Tupelo Regional Airport,Tupelo,34.2681,-88.7699
SMX,Santa Maria Pub Cpt G Allan Hancock Airport,Santa Maria,34.8989,-120.457
SLN,Salina Municipal Airport,Salina,38.791,-97.6522
SLK,Adirondack Regional Airport,Saranac Lake,44.3853,-74.2062
SHR,Sheridan County Airport,Sheridan,44.7692,-106.98
SBP,San Luis County Regional Airport,San Luis Obispo,35.2368,-120.642
RUT,Rutland State Airport,Rutland,43.5294,-72.9496
RKS,Rock Springs Sweetwater County Airport,Rock Springs,41.5942,-109.065
RHI,Rhinelander Oneida County Airport,Rhinelander,45.6312,-89.4675
RDG,Reading Regional Carl A Spaatz Field,Reading,40.3785,-75.9652
PSM,Pease International Tradeport,Portsmouth,43.0779,-70.8233
PLN,Pellston Regional Airport of Emmet County Airport,Pellston,45.5709,-84.7967
PIR,Pierre Regional Airport,Pierre,44.3827,-100.286
PIH,Pocatello Regional Airport,Pocatello,42.9098,-112.596
PIB,Hattiesburg Laurel Regional Airport,Hattiesburg/Laurel,31.4671,-89.3371
OWB,Owensboro Daviess County Airport,Owensboro,37.7401,-87.1668
OTH,Southwest Oregon Regional Airport,North Bend,43.4171,-124.246
MSL,Northwest Alabama Regional Airport,Muscle Shoals,34.7453,-87.6102
MLS,Frank Wiley Field,Miles City,46.428,-105.886
MKG,Muskegon County Airport,Muskegon,43.1695,-86.2382
LYH,Lynchburg Regional Preston Glenn Field,Lynchburg,37.3267,-79.2004
LWT,Lewistown Municipal Airport,Lewistown,47.0493,-109.467
LNS,Lancaster Airport,Lancaster,40.1217,-76.2961
LMT,Klamath Falls Airport,Klamath Falls,42.1561,-121.733
LEB,Lebanon Municipal Airport,Lebanon,43.6261,-72.3042
LBF,North Platte Regional Airport Lee Bird Field,North Platte,41.1262,-100.684
LBE,Arnold Palmer Regional Airport,Latrobe,40.2759,-79.4048
LAR,Laramie Regional Airport,Laramie,41.3121,-105.675
JMS,Jamestown Regional Airport,Jamestown,46.9297,-98.6782
IRK,Kirksville Regional Airport,Kirksville,40.0935,-92.5449
HTS,Tri State Milton J Ferguson Field,Huntington,38.3667,-82.558
HOT,Memorial Field,Hot Springs,34.478,-93.0962
GRI,Central Nebraska Regional Airport,Grand Island,40.9675,-98.3096
GGW,Wokal Field Glasgow International Airport,Glasgow,48.2125,-106.615
FAY,Fayetteville Regional Grannis Field,Fayetteville,34.9912,-78.8803
EWB,New Bedford Regional Airport,New Bedford,41.6761,-70.9569
EKO,Elko Regional Airport,Elko,40.8249,-115.792
EAU,Chippewa Valley Regional Airport,Eau Claire,44.8658,-91.4843
DUJ,DuBois Regional Airport,Du Bois,41.1783,-78.8987
DDC,Dodge City Regional Airport,Dodge City,37.7634,-99.9656
CMX,Houghton County Memorial Airport,Hancock,47.1684,-88.4891
CLM,William R Fairchild International Airport,Port Angeles,48.1202,-123.5
CKB,Harrison Marion Regional Airport,Clarksburg,39.2966,-80.2281
CIU,Chippewa County International Airport,Sault Ste Marie,46.2508,-84.4724
CGI,Cape Girardeau Regional Airport,Cape Girardeau,37.2253,-89.5708
CEC,Del Norte County Airport,Crescent City,41.7802,-124.237
BRL,Southeast Iowa Regional Airport,Burlington,40.7832,-91.1255
BQK,Brunswick Golden Isles Airport,Brunswick,31.2588,-81.4665
BKW,Raleigh County Memorial Airport,Beckley,37.7873,-81.1242
BFF,Western Nebraska Regional Airport,Scottsbluff,41.874,-103.596
BFD,Bradford Regional Airport,Bradford,41.8031,-78.6401
ATY,Watertown Regional Airport,Watertown,44.914,-97.1547
APN,Alpena County Regional Airport,Alpena,45.0781,-83.5603
ALW,Walla Walla Regional Airport,Walla Walla,46.0949,-118.288
ALO,Waterloo Regional Airport,Waterloo,42.5571,-92.4003
ALM,Alamogordo White Sands Regional Airport,Alamogordo,32.8399,-105.991
AHN,Athens Ben Epps Airport,Athens,33.9486,-83.3263
ABY,Southwest Georgia Regional Airport,Albany,31.5355,-84.1945
ABR,Aberdeen Regional Airport,Aberdeen,45.4491,-98.4218
WKK,Aleknagik Airport,Aleknagik,59.2826,-158.618
BKX,Brookings Regional Airport,Brookings,44.3048,-96.8169
BLF,Mercer County Airport,Bluefield,37.2958,-81.2077
EAR,Kearney Municipal Airport,Kearney,40.727,-99.0068
GLH,Mid Delta Regional Airport,Greenville,33.4829,-90.9856
IFP,Laughlin-Bullhead Intl,Bullhead,35.1574,-114.56
IGM,Kingman Airport,Kingman,35.2595,-113.938
PSC,Tri Cities Airport,Pasco,46.2647,-119.119
KQA,Akutan Seaplane Base,Akutan,54.1325,-165.785
SVC,Grant County Airport,Silver City,32.6365,-108.156
LPS,Lopez Island Airport,Lopez,48.4839,-122.938
ORH,Worcester Regional Airport,Worcester,42.2673,-71.8757
ZVE,New Haven Rail Station,New Haven,41.298669,-72.925992
PWT,Bremerton National,Bremerton,47.490244,-122.764814
SPW,Spencer Muni,Spencer,43.165527,-95.202805
JEF,Jefferson City Memorial Airport,Jefferson City,38.5912,-92.1561
GCW,Grand Canyon West Airport,Grand Canyon West,35.5925,-113.4859
BLD,Boulder City Municipal Airport,Boulder City,35.5651,-114.514
PVC,Provincetown Muni,Provincetown,42.071945,-70.22139
LKE,Kenmore Air Harbor Seaplane Base,Seattle,47.629,-122.339
FUL,Fullerton Municipal Airport,Fullerton,33.521925,-117.584722
SUN,Friedman Mem,Hailey,43.504444,-114.296194
MCW,Mason City Municipal,Mason City,43.2247,-93.4067
1OH,Fortman Airport,St. Marys,40.5553253,-84.3866186
EAT,Pangborn Field,Wenatchee,47.398,-120.206
OSH,Wittman Regional Airport,Oshkosh,44.024983,-88.551336
BEH,Southwest Michigan Regional Airport,Benton Harbor,42.1285833,-86.4285
UES,Waukesha County Airport,Waukesha,43.0410278,-88.2370556
10C,Galt Field Airport,Greenwood,42.4028889,-88.3751111
X01,Everglades Airpark,Everglades,25.8488611,-81.3902778
TOG,Togiak Airport,Togiak Village,59.0528,-160.397
PTH,Port Heiden Airport,Port Heiden,56.9591,-158.633
KVC,King Cove Airport,King Cove,55.1163,-162.266
KNW,New Stuyahok Airport,New Stuyahok,59.4499,-157.328
IGG,Igiugig Airport,Igiugig,59.324,-155.902
DRG,Deering Airport,Deering,66.0696,-162.766
SDP,Sand Point Airport,Sand Point,55.315,-160.523
HGR,Hagerstown Regional Richard A Henson Field,Hagerstown,39.7079,-77.7295
KPC,Port Clarence Coast Guard Station,Port Clarence,65.2537,-166.859
ARC,Arctic Village Airport,Arctic Village,68.1147,-145.579
WTK,Noatak Airport,Noatak,67.5661,-162.975
SVA,Savoonga Airport,Savoonga,63.6864,-170.493
SHH,Shishmaref Airport,Shishmaref,66.2496,-166.089
RBY,Ruby Airport,Ruby,64.7272,-155.47
PHO,Point Hope Airport,Point Hope,68.3488,-166.799
MYU,Mekoryuk Airport,Mekoryuk,60.3714,-166.271
KVL,Kivalina Airport,Kivalina,67.7362,-164.563
KSM,St Marys Airport,St Mary's,62.0605,-163.302
KAL,Kaltag Airport,Kaltag,64.3191,-158.741
HPB,Hooper Bay Airport,Hooper Bay,61.5239,-166.147
GAM,Gambell Airport,Gambell,63.7668,-171.733
ATK,Atqasuk Edward Burnell Sr Memorial Airport,Atqasuk,70.4673,-157.436
ANV,Anvik Airport,Anvik,62.6467,-160.191
AKP,Anaktuvuk Pass Airport,Anaktuvuk Pass,68.1336,-151.743
GYY,Gary Chicago International Airport,Gary,41.6163,-87.4128
BRD,Brainerd Lakes Rgnl,Brainerd,46.398308,-94.138078
LWB,Greenbrier Valley Airport,Lewisburg,37.858333,-80.399444
PGV,Pitt-Greenville Airport,Greenville,35.635278,-77.385278
CYF,Chefornak Airport,Chefornak,60.149167,-164.285556
OXR,Oxnard - Ventura County,Oxnard,34.200833,-119.207222
BKG,Branson LLC,Branson,36.531994,-93.200556
ZBP,Penn Station,Baltimore,39.307222,-76.615556
ZYP,Penn Station,New York,40.7505,-73.9935
SCH,Stratton ANGB - Schenectady County Airpor,Scotia NY,42.85245555,-73.92886667
UST,St. Augustine Airport,St. Augustine Airport,29.959167,-81.339722
STS,Charles M Schulz Sonoma Co,Santa Rosa,38.508978,-122.81288
ISM,Kissimmee Gateway Airport,Kissimmee,28.289806,-81.437083
LCQ,Lake City Municipal Airport,Lake City,30.181944,-82.576944
LGU,Logan-Cache,Logan,41.791,-111.852
BMC,Brigham City,Brigham City,41.552,-112.062
MLD,Malad City,Malad City,42.17,-112.289
ASE,Aspen Pitkin County Sardy Field,Aspen,39.2232,-106.869
HHH,Hilton Head,Hilton Head,32.216,-80.752
ZFV,Philadelphia 30th St Station,Philadelphia,39.9557,-75.182
BWD,KBWD,Brownwood,31.7936111,-98.9565
LXY,Mexia - Limestone County Airport,Mexia,31.6411783,-96.5144594
ERV,Kerrville Municipal Airport,Kerrville,29.9766667,-99.0854722
GED,Sussex Co,Georgetown,38.689194,-75.358889
GBN,Great Bend Municipal,Great Bend,38.344167,-98.859167
HYS,Hays Regional Airport,Hays,38.8422,-99.2732
SUS,Spirit Of St Louis,Null,38.662119,-90.652044
LYU,Ely Municipal,Ely,47.824444,-91.830833
GPZ,Grand Rapids Itasca County,Grand Rapids MN,47.211111,-93.509722
TVF,Thief River Falls,Thief River Falls,48.065556,-96.185
EGV,Eagle River,Eagle River,45.932333,-89.268283
ARV,Lakeland,Minocqua - Woodruff,45.927778,-89.730833
IKV,Ankeny Regl Airport,Ankeny,41.691389,-93.566389
NGP,Corpus Christi NAS,Corpus Christi,27.692701,-97.290376
AVX,Avalon,Catalina Island,33.405,-118.415833
MHV,Mojave,Mojave,35.059364,-118.151856
KEH,Kenmore Air Harbor Inc Seaplane Base,Kenmore,47.7548,-122.259
HUT,Hutchinson Municipal Airport,Hutchinson,38.0655,-97.8606
EGA,Eagle County Airport,Eagle,39.6427611,-106.9159347
STJ,Rosecrans Mem,Rosecrans,39.771944,-94.909706
ZRT,Hartford Union Station,Hartford,41.76888,-72.6815
ZTF,Stamford Amtrak Station,Stamford,41.046937,-73.541493
ZRP,Newark Penn Station,Newark,40.734722,-74.164167
VOK,Volk Fld,Camp Douglas,43.938956,-90.253433
GUC,Gunnison - Crested Butte,Gunnison,38.533889,-106.933056
TOA,Zamperini Field Airport,Torrance,33.803392,-118.339611
MBL,Manistee County-Blacker Airport,Manistee,44.2725,-86.246944
PGD,Charlotte County-Punta Gorda Airport,Punta Gorda,26.919722,-81.990556
JGC,Grand Canyon Heliport,Grand Canyon,35.96666666,-112.1333333
WFK,Northern Aroostook Regional Airport,Frenchville,47.285556,-68.312778
JHW,Chautauqua County-Jamestown,Jamestown,42.153333,-79.258056
SME,Lake Cumberland Regional Airport,Somerset,37.053611,-84.615556
SHD,Shenandoah Valley Regional Airport,Weyers Cave,38.263889,-78.896389
DVL,Devils Lake Regional Airport,Devils Lake,48.114444,-98.908611
DIK,Dickinson Theodore Roosevelt Regional Airport,Dickinson,46.7975,-102.801944
SDY,Sidney-Richland Municipal Airport,Sidney,47.706944,-104.1925
CDR,Chadron Municipal Airport,Chadron,42.8375,-103.095556
AIA,Alliance Municipal Airport,Alliance,42.053333,-102.803889
MCK,McCook Regional Airport,McCook,40.206389,-100.592222
MTH,Florida Keys Marathon Airport,Marathon,24.726111,-81.051389
GDV,Dawson Community Airport,Glendive,47.138611,-104.807222
OLF,LM Clayton Airport,Wolf Point,48.094444,-105.575
WYS,Yellowstone Airport,West Yellowstone,44.688333,-111.1175
ALS,San Luis Valley Regional Airport,Alamosa,37.435,-105.866667
CNY,Canyonlands Field,Moab,38.755,-109.754722
ELY,Ely Airport,Ely,39.299722,-114.841944
VEL,Vernal Regional Airport,Vernal,40.440833,-109.51
SRR,Sierra Blanca Regional Airport,Ruidoso,33.46285,-105.534751
SOW,Show Low Regional Airport,Show Low,34.265556,-110.005556
MYL,McCall Municipal Airport,McCall,44.889722,-116.101389
SMN,Lemhi County Airport,Salmon,45.123889,-113.881389
MMH,Mammoth Yosemite Airport,Mammoth Lakes,37.624049,-118.837772
FRD,Friday Harbor Airport,Friday Harbor,48.521944,-123.024444
ESD,Orcas Island Airport,Eastsound,48.708056,-122.910556
OTS,Anacortes Airport,Anacortes,48.498889,-122.6625
AST,Astoria Regional Airport,Astoria,46.157972,-123.878694
ONP,Newport Municipal Airport,Newport,44.580361,-124.057917
EMK,Emmonak Airport,Emmonak,62.786111,-164.490833
UNK,Unalakleet Airport,Unalakleet,63.888333,-160.798889
UUK,Ugnu-Kuparuk Airport,Kuparuk,70.330833,-149.5975
SHX,Shageluk Airport,Shageluk,62.692222,-159.569167
CHU,Chuathbaluk Airport,Chuathbaluk,61.579167,-159.215556
NUI,Nuiqsut Airport,Nuiqsut,70.21,-151.005556
EEK,Eek Airport,Eek,60.213611,-162.043889
KUK,Kasigluk Airport,Kasigluk,60.873333,-162.524444
KWT,Kwethluk Airport,Kwethluk,60.790278,-161.443611
KWK,Kwigillingok Airport,Kwigillingok,59.876389,-163.168611
MLL,Marshall Don Hunter Sr. Airport,Marshall,61.8646418,-162.026111
RSH,Russian Mission Airport,Russian Mission,61.775,-161.319444
WTL,Tuntutuliak Airport,Tuntutuliak,60.335278,-162.666944
KEK,Ekwok Airport,Ekwok,59.356944,-157.471111
KGK,Koliganek Airport,Koliganek,59.726667,-157.259444
KLL,Levelock Airport,Levelock,59.128056,-156.858611
KMO,Manokotak Airport,Manokotak,58.990278,-159.05
TWA,Twin Hills Airport,Twin Hills,59.074444,-160.275
CIK,Chalkyitsik Airport,Chalkyitsik,66.645,-143.74
EAA,Eagle Airport,Eagle,64.778056,-141.149722
HUS,Hughes Airport,Hughes,66.039167,-154.264722
HSL,Huslia Airport,Huslia,65.697778,-156.351389
LIV,Livingood Airport,Livingood,65.531111,-148.541111
MNT,Minto Airport,Minto,65.143611,-149.37
NUL,Nulato Airport,Nulato,64.729444,-158.074167
RMP,Rampart Airport,Rampart,65.507778,-150.140833
TAL,Tanana Airport,Tanana,65.179556,-152.075833
VEE,Venetie Airport,Venetie,67.008611,-146.366389
WBQ,Beaver Airport,Beaver,66.362222,-147.406667
CEM,Central Airport,Central,65.573889,-144.780833
SHG,Shungnak Airport,Shungnak,66.888056,-157.1625
KBC,Birch Creek Airport,Brich Creek,66.256708,-145.815319
CXF,Coldfoot Airport,Coldfoot,67.251389,-150.176111
IYK,Inyokern Airport,Inyokern,35.658889,-117.829444
VIS,Visalia Municipal Airport,Visalia,36.318611,-119.392778
MCE,Merced Municipal Airport,Merced,37.284722,-120.513889
AGN,Angoon Seaplane Base,Angoon,57.503611,-134.585
ELV,Elfin Cove Seaplane Base,Elfin Cove,58.195278,-136.3475
TKE,Tenakee Seaplane Base,Tenakee Springs,57.779722,-135.218333
PEC,Pelican Seaplane Base,Pelican,57.955278,-136.236389
CYM,Chatham Seaplane Base,Sitka,57.515,-134.946111
FNR,Funter Bay Seaplane Base,Funter Bay,58.254444,-134.897778
EXI,Excursion Inlet Seaplane Base,Excursion Inlet,58.420556,-135.449167
HNH,Hoonah Airport,Hoonah,58.096111,-135.409722
AFE,Kake Airport,Kake,56.961389,-133.910278
CGA,Craig Seaplane Base,Craig,55.478889,-133.147778
HYL,Hollis Seaplane Base,Hollis,55.481667,-132.646111
MTM,Metlakatla Seaplane Base,Metakatla,55.131111,-131.578056
KTB,Thorne Bay Seaplane Base,Thorne Bay,55.688056,-132.536667
HYG,Hydaburg Seaplane Base,Hydaburg,55.206389,-132.828333
WHD,Hyder Seaplane Base,Hyder,55.903333,-130.006667
KPB,Point Baker Seaplane Base,Point Baker,56.351944,-133.6225
PPV,Port Protection Seaplane Base,Port Protection,56.328889,-133.61
WWP,North Whale Seaplane Base,North Whale Pass,56.116389,-133.121667
KCQ,Chignik Lake Airport,Chignik Lake,56.255,-158.775278
EGX,Egegik Airport,Egegik,58.185556,-157.375556
KCL,Chignik Lagoon Airport,Chignik Lagoon,56.311111,-158.534167
KBW,Chignik Bay Seaplane Base,Chignik,56.295556,-158.401398
KPV,Perryville Airport,Perryville,55.906667,-159.160833
PIP,Pilot Point Airport,Pilot Point,57.585393,-157.571944
WSN,South Naknek Airport,South Naknek,58.702222,-157.0025
AKK,Akhiok Airport,Akhiok,56.938611,-154.1825
KYK,Karuluk Airport,Karluk,57.566944,-154.450278
KLN,Larsen Bay Airport,Larsen Bay,57.535,-153.976667
OLH,Old Harbor Airport,Old Harbor,57.218056,-153.269722
KOZ,Ouzinkie Airport,Ouzinkie,57.922876,-152.500511
ORI,Port Lions Airport,Port Lions,57.885278,-152.846111
ALZ,Alitak Seaplane Base,Lazy Bay,56.899444,-154.247778
AOS,Amook Bay Seaplane Base,Amook Bay,57.471389,-153.815278
KKB,Kitoi Bay Seaplane Base,Kitoi Bay,58.190833,-152.370556
KMY,Moser Bay Seaplane Base,Moser Bay,57.025556,-154.145833
KOY,Olga Bay Seaplane Base,Olga Bay,57.161389,-154.229722
KPY,Port Bailey Seaplane Base,Port Bailey,57.93,-153.040556
KPR,Port Williams Seaplane Base,Port Williams,58.49,-152.582222
SYB,Seal Bay Seaplane Base,Seal Bay,58.166667,-152.5
WSJ,San Juan - Uganik Seaplane Base,San Juan,57.730278,-153.320556
KWP,West Point Village Seaplane Base,West Point,57.77,-153.548889
KZB,Zachar Bay Seaplane Base,Zachar Bay,57.55,-153.75
ABL,Ambler Airport,Ambler,67.106389,-157.8575
BKC,Buckland Airport,Buckland,65.981667,-161.149167
IAN,Bob Baker Memorial Airport,Kiana,66.975833,-160.436667
OBU,Kobuk Airport,Kobuk,66.912222,-156.897222
ORV,Robert Curtis Memorial Airport,Noorvik,66.8175,-161.022222
WLK,Selawik Airport,Selawik,66.6,-159.985833
KTS,Brevig Mission Airport,Brevig Mission,65.331389,-166.465833
ELI,Elim Airport,Elim,64.615,-162.270556
GLV,Golovin Airport,Golovin,64.550556,-163.007222
TLA,Teller Airport,Teller,65.240278,-166.339444
WAA,Wales Airport,Wales,65.6225,-168.095
WMO,White Mountain Airport,White Mountain,64.689167,-163.412778
CIL,Council Airport,Council,64.897778,-163.703333
KKA,Koyuk Alfred Adams Airport,Koyuk,64.939444,-161.154167
SMK,St. Michael Airport,St. Michael,63.49,-162.110278
SKK,Shaktoolik Airport,Shaktoolik,64.371111,-161.223889
WBB,Stebbins Airport,Stebbins,63.515833,-162.278056
TNC,Tin City LRRS Airport,Tin City,65.563056,-167.921667
AKB,Atka Airport,Atka,52.220278,-174.206389
IKO,Nikolski Air Station,Nikolski,52.941667,-168.848889
ICY,Icy Bay Airport,Icy Bay,59.968889,-141.661667
CYT,Yakataga Airport,Yakataga,60.081901,-142.493611
AUK,Alakanuk Airport,Alakanuk,62.68,-164.66
SXP,Sheldon Point Airport,Nunam Iqua,62.520556,-164.847778
KPN,Kipnuk Airport,Kipnuk,59.933056,-164.030556
KFP,False Pass Airport,False Pass,54.8475,-163.410278
NLG,Nelson Lagoon,Nelson Lagoon,56.0075,-161.160278
PML,Port Moller Airport,Cold Bay,56.006111,-160.560833
KLW,Klawock Airport,Klawock,55.579167,-133.076111
KWN,Quinhagak Airport,Quinhagak,59.755,-161.845278
KOT,Kotlik Airport,Kotlik,63.030556,-163.532778
KYU,Koyukuk Airport,Koyukuk,64.875833,-157.730556
SCM,Scammon Bay Airport,Scammon Bay,61.845278,-165.571389
NNL,Nondalton Airport,Nondalton,59.966944,-154.851667
PDB,Pedro Bay Airport,Pedro Bay,59.782222,-154.1325
NUP,Nunapitchuk Airport,Nunapitchuk,60.905833,-162.439167
KKH,Kongiganak Airport,Kongiganak,59.960833,-162.881111
NIB,Nikolai Airport,Nikolai,63.010833,-154.383889
TCT,Takotna Airport,Takotna,62.971944,-156.082778
PQS,Pilot Station Airport,Pilot Station,61.934444,-162.899444
AKI,Akiak Airport,Akiak,60.902778,-161.230556
TLT,Tuluksak Airport,Tuluksak,61.096944,-160.969444
KGX,Grayling Airport,Grayling,62.894444,-160.065
AIN,Wainwright Airport,Wainwright,70.638056,-159.994722
NCN,Chenega Bay Airport,Chenega,60.077222,-147.991944
CZN,Chisana Airport,Chisana,62.071111,-142.048333
6K8,Tok Junction Airport,Tok,63.329444,-142.953611
IRC,Circle City Airport,Circle,65.827778,-144.076111
KCC,Coffman Cove Seaplane Base,Coffman Cove,56.014722,-132.833889
CKD,Crooked Creek Airport,Crooked Creek,61.867778,-158.135
RDV,Red Devil Airport,Red Devil,61.788056,-157.350278
SLQ,Sleetmute Airport,Sleetmute,61.700566,-157.165833
SRV,Stony River 2 Airport,Stony River,61.7875,-156.591111
HKB,Healy River Airport,Healy,63.8675,-148.968889
KAE,Kake Seaplane Base,Kake,56.973056,-133.945556
AQC,Klawock Seaplane Base,Klawock,55.554658,-133.101693
MHM,Minchumina Airport,Lake Minchumina,63.886111,-152.301944
MLY,Manley Hot Springs Airport,Manley Hot Springs,64.9975,-150.644167
STG,St. George Airport,St. George,56.577222,-169.663611
TEK,Tatitlek Airport,Tatitlek,60.8725,-146.691111
WFB,Ketchikan harbor Seaplane Base,Ketchikan,55.344444,-131.663333
CPS,St. Louis Downtown Airport,East St. Louis,38.5707244,-90.1562211
MRB,Eastern WV Regional Airport,Martinsburg,39.2407,-77.591
RKH,Rock Hill York Co Bryant Airport,Rock Hill,34.9878,-81.0572
AGC,Allegheny County Airport,Pittsburgh,40.3544,-79.9302
NZC,Cecil Field,Jacksonville,30.2187,-81.8767
FTY,Fulton County Airport Brown Field,Atlanta,33.7791,-84.5214
60J,Ocean Isle Beach Airport,Ocean Isle Beach,33.9085056,-78.4366722
OSU,Ohio State University Airport,Columbus,40.0798,-83.073
ADS,Addison,Addison,32.9685594,-96.8364478
DTS,Destin,Destin,30.4000611,-86.4714772
RBN,Fort Jefferson,Fort Jefferson - Dry Tortugas,24.61667,-82.86667
ISO,Kinston Regional Jetport,Kinston,35.331389,-77.608889
FFA,First Flight Airport,Kill Devil Hills,36.02,-75.67
PVU,Provo Municipal Airport,Provo,40.21805555,-111.7222222
SBS,Steamboat Springs Airport-Bob Adams Field,Steamboat Springs,40.51625,-106.8663056
DTA,Delta Municipal Airport,Delta,39.3806386,-112.5077147
RIF,Richfield Minicipal Airport,Richfield,38.7364361,-112.0989444
PUC,Carbon County Regional-Buck Davis Field,Price,39.609722,-110.75278
LAM,Los Alamos Airport,Los Alamos,35.8798019,-106.2694153
BXS,Borrego Valley Airport,Borrego Springs,33.2590278,-116.3209722
HII,Lake Havasu City Airport,Lake Havasu City,34.5711111,-114.3582778
INW,Winslow-Lindbergh Regional Airport,Winslow,35.0219167,-110.7225278
DGL,Douglas Municipal Airport,Douglas,31.3426028,-109.5064544
BOW,Bartow Municipal Airport,Bartow,27.9434,-81.7834
LVK,Livermore Municipal,Livermore,37.41362,-121.49133
MPI,MariposaYosemite,Mariposa,37.3039,-120.0222
TRM,Jacqueline Cochran Regional Airport,Palm Springs,33.626666,-116.1596667
SMO,Santa Monica Municipal Airport,Santa Monica,34.0158333,-118.4513056
UDD,Bermuda Dunes Airport,Palm Springs,33.7484375,-116.2748133
ZSY,Scottsdale Airport,Scottsdale,33.6228889,-111.9105278
OLM,Olympia Regional Airpor,Olympia,46.9694044,-122.9025447
DWA,Yolo County Airport,Davis-Woodland-Winters,38.5793889,-121.8569444
RIL,Garfield County Regional Airport,Rifle,39.5263056,-107.7269444
SAA,Shively Field Airport,SARATOGA,41.4448594,-106.8235264
PDK,Dekalb-Peachtree Airport,Atlanta,33.8756111,-84.3019722
BMG,Monroe County Airport,Bloomington,39.1460208,-86.6166805
SUA,Witham Field Airport,Stuart,27.1816996,-80.221294
MMU,Morristown Municipal Airport,Morristown,40.79935,-74.4148747
APC,Napa County Airport,Napa,38.2131944,-122.2806944
SDM,Brown Field Municipal Airport,San Diego,32.5722722,-116.9801611
PHK,Pahokee Airport,Pahokee,26.789,-80.692
ECP,Panama City-NW Florida Bea.,Panama City,30.3417,-85.7973
SBD,San Bernardino International Airport,San Bernardino,34.0953521,-117.2348722
SQL,San Carlos Airport,San Carlos,37.511944,-122.249444
RWI,Rocky Mount Wilson Regional Airport,Rocky Mount,35.8563,-77.8919
SXQ,Soldotna Airport,Soldotna,60.4749583,-151.0382389
SEE,Gillespie,El Cajon,32.8262222,-116.9724444
TKF,Truckee-Tahoe Airport,Truckee,39.3200422,-120.1395628
MGR,Moultrie Municipal Airport,Moultrie,31.0849167,-83.80325
RYY,Cobb County Airport-Mc Collum Field,Atlanta,34.0131569,-84.5970556
ONH,Oneonta Municipal Airport,Oneonta,42.524722,-75.064444
4U9,Dell Flight Strip,Dell,44.7357483,-112.7200133
LVM,Mission Field Airport,Livingston-Montana,45.6993889,-110.4483056
6S0,Big Timber Airport,Big Timber,45.8063889,-109.9811111
BIV,Tulip City Airport,Holland,42.7427778,-86.1078333
JRA,West 30th St. Heliport,New York,40.7545,-74.0071
LAL,Lakeland Linder Regional Airport,Lakeland,27.9889167,-82.0185556
IDL,Idlewild Intl,New York,40.639751,-73.778924
RBK,French Valley Airport,Murrieta-Temecula,33.5741791,-117.1284732
PCW,Erie-Ottawa Regional Airport,Port Clinton,41.5162703,-82.8694868
MGY,Dayton-Wright Brothers Airport,Dayton,39.5889722,-84.2248611
RID,Richmond Municipal Airport,Richmond,39.7561006,-84.8427175
FDY,Findlay Airport,Findley,41.0120278,-83.6686111
SPF,Black Hills Airport-Clyde Ice Field,Spearfish-South Dakota,44.4811407,-103.7860053
OLV,Olive Branch Muni,Olive Branch,34.876944,-89.783333
BJC,Rocky Mountain Metropolitan Airport,Broomfield-CO,39.90888888,-105.1172222
SLE,McNary Field,Salem,44.9095,-123.003
UTM,Tunica Municipal Airport,Tunica,34.681,-90.3467
MWC,Lawrence J Timmerman Airport,Milwaukee,43.1103889,-88.0344167
JVL,Southern Wisconsin Regional Airport,Janesville,42.62025,-89.0415556
GKY,Arlington Municipal,Arlington,32.6638611,-97.0942778
LZU,Gwinnett County Airport-Briscoe Field,Lawrenceville,33.9780761,-83.9623772
BWG,Bowling Green-Warren County Regional Airport,Bowling Green,36.9645278,-86.4196667
RVS,Richard Lloyd Jones Jr Airport,Tulsa,36.0396111,-95.9846389
BCE,Bryce Canyon,Bryce Canyon,37.706444,-112.145806
BUY,Burlington-Alamance Regional Airport,Burlington,36.0485433,-79.4748892
JCI,New Century AirCenter Airport,Olathe,38.8309167,-94.8903056
ESN,Easton-Newnam Field Airport,Easton,38.8041667,-76.069
R49,Ferry County Airport,Republic,48.7182058,-118.6564714
MYV,Yuba County Airport,Yuba City,39.0553,-121.3411
DUC,Halliburton Field Airport,Duncan,34.4713056,-97.9598611
E91,Chinle Municipal Airport,Chinle,36.1108806,-109.5754222
UVA,Garner Field,Uvalde,29.215429,-99.748962
LOT,Lewis University Airport,Lockport,41.606326,-88.083003
C16,Frasca Field,Urbana,40.144979,-88.200197
CCR,Buchanan Field Airport,Concord,37.9896667,-122.0568889
OCA,Key Largo,Ocean Reef Club Airport,25.325393,-80.274775
SGH,Springfield-Beckly Municipal Airport,Springfield,39.8402778,-83.8401667
MPB,Miami Seaplane Base,Miami,25.7783,-80.1703
TOP,Philip Billard Muni,Topeka,39.068657,-95.622482
EMP,Emporia Municipal Airport,Emporia,38.3321,-96.1912
TKI,Collin County Regional Airport at Mc Kinney,DALLAS,33.1779444,-96.5905278
PWK,Chicago Executive,Chicago-Wheeling,42.1142897,-87.9015376
KLS,Kelso Longview,Kelso,46.118,-122.898389
3W2,Put-in-Bay Airport,Put-in-Bay,41.3521,-82.497
TWD,Jefferson County Intl,Port Townsend,48.0314,-122.4838
38W,Lynden Airport,Lynden,48.9558961,-122.4581183
0S9,Jefferson County Intl,Port Townsend,48.0538086,-122.8106436
ZRD,Train Station,Richmond,37.5343,-77.42945
ILN,Wilmington Airborne Airpark,Wilmington,39.42792,-83.792118
AVW,Marana Regional,Tucson,32.409556,-111.218388
CGZ,Casa Grande Municipal Airport,Casa Grande,32.954889,-111.766832
BXK,Buckeye Municipal Airport,Buckeye,33.420417,-112.68618
E63,Gila Bend Municipal Airport,Gila Bend,32.960169,-112.673636
MMI,McMinn Co,Athens,35.39919,-84.56177
STK,Sterling Municipal Airport,Sterling,40.6153136,-103.2648454
RWL,Rawlins Municipal Airport-Harvey Field,Rawlins,41.8055975,-107.19994
CDW,Caldwell Essex County Airport,Caldwell,40.8752222,-74.2813611
AIZ,Lee C Fine Memorial Airport,Kaiser Lake Ozark,38.096035,-92.5494875
L35,Big Bear City,Big Bear,34.2637778,-116.8560278
TVI,Thomasville Regional Airport,Thomasville,30.9017921,-83.8811285
HSH,Henderson Executive Airport,Henderson,35.972778,-115.134444
TMA,Henry Tift Myers Airport,Tifton,31.4289814,-83.488545
DVT,Deer Valley Municipal Airport,Phoenix ,33.4117,112.457
HDO,Hondo Municipal Airport,Hondo,29.3591,-99.1775
MCL,McKinley National Park Airport,McKinley Park,63.732757,-148.91129
LHD,Lake Hood Seaplane Base,Anchorage,61.1866382,-149.9653918
PPC,Prospect Creek Airport,Prospect Creek,66.814167,-150.643611
HCC,Columbia County,Hudson NY,42.2913,-73.7103
HLG,Wheeling Ohio County Airport,Wheeling,40.175,-80.6463
FZG,Fitzgerald Municipal Airport,Fitzgerald,31.6839046,-83.2709036
40J,Perry-Foley Airport,Perry,30.0692778,-83.5805833
70J,Cairo-Grady County Airport,Cairo,30.8879767,-84.1547353
RKP,Aransas County Airport,Rockport,28.0862222,-97.0436944
CKF,Crisp County Cordele Airport,Cordele,31.9888333,-83.7739167
OMN,Ormond Beach municipal Airport,Ormond Beach,29.1804,-81.06497
TTD,Portland Troutdale,Troutdale,45.54937,-122.401253
HIO,Portland Hillsboro,Hillsboro,45.540394,-122.949825
24J,Suwannee County Airport,Live Oak,30.300125,-83.0246944
GAI,Montgomery County Airpark,Gaithersburg,39.1006,-77.09576
CVX,Charlevoix Municipal Airport,Charelvoix,45.3047778,-85.2753333
2J9,Quincy Municipal Airport,Quincy,30.5978708,-84.557425
RCE,Roche Harbor Seaplane Base,Roche Harbor,48.608056,-123.159722
BYW,Blakely Island Airport,Blakely Island,48.56025,-122.80243
RSJ,Rosario Seaplane Base,Rosario,48.645556,-122.868056
WSX,Westsound Seaplane Base,Westsound,48.617778,-122.952778
FBS,Friday Harbor Seaplane Base,Friday Harbor,48.537222,-123.009722
L06,Furnace Creek,Death Valley National Park,36.273,-116.515
XFL,Flagler County Airport,Flagler,29.2821,-81.1212
MVL,Morrisville Stowe State Airport,Morrisville,44.535,-72.614
RBD,Dallas Executive Airport,Dallas,32.680833,-96.868333
6Y8,Welke Airport,Beaver Island,45.721111,-85.520278
WST,Westerly State Airport,Washington County,41.349722,-71.803333
BID,Block Island State Airport,Block Island,41.168056,-71.577778
369,Atmautluak Airport,Atmautluak,60.866667,-162.273056
NME,Nightmute Airport,Nightmute,60.471111,-164.700833
OOK,Toksook Bay Airport,Toksook Bay,60.541389,-165.087222
TNK,Tununak Airport,Tununak,60.575556,-165.271667
GNU,Goodnews Airport,Goodnews Bay,59.1175,-161.5775
WWT,Newtok Airport,Newtok,60.939167,-164.641111
BGE,Decatur County Industrial Air Park,Bainbridge,30.9715981,-84.6369278
SPZ,Silver Springs Airport,Silver Springs,39.4030278,-119.2511944
WHP,Whiteman Airport,Los Angeles,34.2593253,-118.4134331
MAE,Madera Municipal Airport,Madera,36.9886111,-120.1124444
U76,Mountain Home Municipal Airport,Mountain Home,43.1316111,-115.7305671
19A,Jackson County Airport,Jefferson,34.1758638,-83.5615972
AAF,Apalachicola Regional Airport,Apalachicola,29.7276066,-85.0274416
SGJ,St. Augustine Airport,St. Augustine,29.95925,-81.3397222
DQH,Douglas Municipal Airport,Douglas,31.4767385,-82.8605664
FRP,St Lucie County International Airport,Fort Pierce,27.497472,-80.372638
ALX,Alexandria,Alexandria,38.806346,-77.0621
TAN,Taunton Municipal Airport - King Field,Taunton,41.8744017,-71.0166453
PYM,Plymouth Municipal Airport,Plymouth,41.9090278,-70.7287778
OQU,Quonset State Airport,North Kingstown,41.5971389,-71.4121389
1B9,Mansfield Municipal,Mansfield,42.0001331,-71.1967714
OWD,Norwood Memorial Airport,Norwood,42.1905278,-71.1729444
BAF,Barnes Municipal,Westfield,42.1579472,-72.715875
IJD,Windham Airport,Willimantic,41.7440278,-72.1802222
MGJ,Orange County Airport,Montgomery,41.5099884,-74.2646444
CXY,Capital City Airport,Harrisburg,40.2171389,-76.8513611
GHG,Marshfield Municipal Airport,Marshfield,42.09825,-70.6721389
DXR,Danbury Municipal Airport,Danbury,41.3715353,-73.4821906
ASH,Boire Field Airport,Nashua,42.78175,-71.5147778
LWM,Lawrence Municipal Airport,Lawrence,42.7171944,-71.1234167
OXC,Waterbury-Oxford Airport,Oxford,41.4785556,-73.13525
FIT,Fitchburg Municipal Airport,Fitchburg,42.5541111,-71.7589722
VPC,Cartersville Airport,Cartersville,34.1231475,-84.8487067
PYP,Centre-Piedmont-Cherokee County Regional Airport,Centre,34.0899167,-85.6100833
RMG,Richard B Russell Airport,Rome,34.3507778,-85.1586667
GAD,Northeast Alabama Regional Airport,Gadsden,33.9726489,-86.0890834
DKX,Knoxville Downtown Island Airport,Knoxville,35.9638333,-83.8736667
WDR,Barrow County Airport,Winder,33.9828611,-83.6674167
JYL,Plantation Airpark,Sylvania,32.6452778,-81.5971111
DNN,Dalton Municipal Airport,Dalton,34.7229444,-84.87025
CTJ,West Georgia Regional Airport - O V Gray Field,Carrollton,33.6316964,-85.1522641
4A9,Isbell Field Airport,Fort Payne,34.4736944,-85.7213889
LGC,LaGrange-Callaway Airport,LaGrange,33.0088611,-85.0726111
MLJ,Baldwin County Airport,Milledgeville,33.154225,-83.2414139
4A4,Polk County Airport - Cornelius Moore Field,Cedartown,34.0186944,-85.1464722
PIM,Harris County Airport,Pine Mountain,32.8406944,-84.8824444
FFC,Atlanta Regional Airport - Falcon Field,Atlanta,33.35725,-84.5718333
9A1,Covington Municipal Airport,Covington,33.6323083,-83.8474472
GVL,Lee Gilmer Memorial Airport,Gainesville,34.272627,-83.8302233
54J,DeFuniak Springs Airport,DeFuniak Springs,30.7311111,-86.1537778
9A5,Barwick Lafayette Airport,LaFayette,34.6884792,-85.2903319
PHD,Harry Clever Field Airport,New Philadelpha,40.4701667,-81.4199444
UDG,Darlington County Jetport,Darlington,34.4493845,-79.8900608
HXD,Hilton Head Airport,Hilton Head Island,32.2243611,-80.6974722
49A,Gilmer County Airport,Ellijay,34.6282222,-84.5265833
0A9,Elizabethton Municipal Airport,Elizabethton,36.3712222,-82.1734167
06A,Moton Field Municipal Airport,Tuskegee,32.4605722,-85.6800278
DNL,Daniel Field Airport,Augusta,33.4665028,-82.0393808
MRN,Foothills Regional Airport,Morganton,35.8202336,-81.6115119
PBX,Pike County Airport - Hatcher Field,Pikeville,37.5617639,-82.5663889
TOC,Toccoa RG Letourneau Field Airport,Toccoa,34.5928117,-83.2963717
VDF,Tampa Executive Airport,Tampa,28.0139772,-82.3452778
AFW,Fort Worth Alliance Airport,Fort Worth,32.987778,-97.318889
57C,East Troy Municipal Airport,East Troy,42.7971667,-88.3726111
MYF,Montgomery Field,San Diego,32.4759,117.759
LWC,Lawrence Municipal,Lawrence,39.009167,-95.2175
EGT,Wellington Municipal,Wellington,37.39411,-97.423225
6A2,Griffin-Spalding County Airport,Griffin,33.2269722,-84.2749444
PMP,Pompano Beach Airpark,Pompano Beach,26.2471389,-80.1110556
EET,Shelby County Airport,Alabaster,33.1777778,-86.7832222
UMP,Indianapolis Metropolitan Airport,Indianapolis,39.935278,-86.045
LOZ,London-Corbin Airport-MaGee Field,London,37.0868889,-84.0773889
FBG,Fredericksburg Amtrak Station,Fredericksburg,38.298416,-77.456875
RAC,John H. Batten Airport,Racine,42.7605,-87.8152
REI,Redlands Municipal Airport,Redlands,34.08525,-117.146388
49X,Chemehuevi Valley,Chemehuevi Valley,34.528889,-114.431971
RIR,Flabob Airport,Riverside,33.988778,-117.409971
TIW,Tacoma Narrows Airport,Tacoma,47.267944,-122.57811
X39,Tampa North Aero Park,Tampa,28.221278,-82.374555
JKA,Jack Edwards Airport,Gulf Shores,30.2896389,-87.6717778
HZL,Hazleton Municipal,Hazleton,40.989167,-76.0025
CBE,Greater Cumberland Rgnl.,Cumberland,39.615278,-78.760556
LNR,Tri-County Regional Airport,Lone Rock,43.211667,-90.181667
JOT,Regional Airport,Joliet,41.517778,-88.175556
VYS,Illinois Valley Regional,Peru,41.351944,-89.153056
JXN,Reynolds Field,Jackson,42.260556,-84.460556
BBX,Wings Field,Philadelphia,40.1375,-75.265
OBE,County,Okeechobee,27.265833,-80.851111
SEF,Regional - Hendricks AAF,Sebring,27.456389,-81.342222
AVO,Executive,Avon Park,27.591389,-81.528889
GIF,Gilbert Airport,Winter Haven,28.062778,-81.753333
ZPH,Municipal Airport,Zephyrhills,28.228056,-82.155833
OCF,International Airport,Ocala,29.1725,-82.224167
JES,Jesup-Wayne County Airport,Jesup,31.553889,-81.8825
52A,Madison GA Municipal Airport,Madison,33.612125,-83.4604444
CCO,Coweta County Airport,Newnan,33.3115656,-84.7697554
HQU,McDuffie County Airport,Thomson,33.5297315,-82.5169509
AIK,Municipal Airport,Aiken,33.6493889,-81.6850278
CDN,Woodward Field,Camden,34.2835833,-80.5648611
LBT,Municipal Airport,Lumberton,34.6098056,-79.0595556
3J1,Ridgeland Airport,Ridgeland,32.4934167,-80.99175
SOP,Moore County Airport,Pinehurst-Southern Pines,35.2376111,-79.3887958
RCZ,Richmond County Airport,Rockingham,34.8913056,-79.7596111
99N,Bamberg County Airport,Bamberg,33.3045278,-81.1084167
93C,Richland Airport,Richland Center,43.2833575,-90.2982819
Y51,Municipal Airport,Viroqua,43.5793603,-90.8964742
DLL,Baraboo Wisconsin Dells Airport,Baraboo,43.5217843,-89.7709266
7A4,Foster Field,Apple River,42.4664444,-90.1693889
SVH,Regional Airport,Statesville,35.7649958,-80.9538958
C89,Sylvania Airport,Sturtevant,42.70325,-87.9589722
BUU,Municipal Airport,Burlington,42.6907171,-88.3046825
N53,Stroudsburg-Pocono Airport,East Stroudsburg,41.0358717,-75.1606789
70N,Spring Hill Airport,Sterling,41.3473569,-75.4158972
06N,Randall Airport,Middletown,41.431912,-74.3915611
LHV,William T. Piper Mem.,Lock Haven,41.1357778,-77.4223056
29D,Grove City Airport,Grove City,41.1460278,-80.16775
04G,Lansdowne Airport,Youngstown,41.1304722,-80.6195833
3G3,Wadsworth Municipal,Wadsworth,41.0031572,-81.7564401
3G4,Ashland County Airport,Ashland,40.9029722,-82.2556389
4G0,Pittsburgh-Monroeville Airport,Monroeville,40.4526389,-79.7749167
2G9,Somerset County Airport,Somerset,40.0388708,-79.0149951
4G4,Youngstown Elser Metro Airport,Youngstown,40.9617953,-80.6773264
41N,Braceville Airport,Braceville,41.2111675,-80.9692572
LPR,Lorain County Regional Airport,Lorain-Elyria,41.3442778,-82.1776389
7D9,Germack Airport,Geneva,41.7778322,-80.9039797
BKL,Burke Lakefront Airport,Cleveland,41.5175,-81.683333
DKK,Chautauqua County-Dunkirk Airport,Dunkirk,42.4933353,-79.2720417
4G2,Hamburg Inc Airport,Hamburg,42.7008925,-78.9147569
N87,Trenton-Robbinsville Airport,Trenton,40.2139444,-74.6017778
VAY,South Jersey Regional Airport,Mount Holly,39.9428889,-74.84575
7N7,Spitfire Aerodrome,Pedricktown,39.7355633,-75.3977211
LDJ,Linden Airport,Linden,40.6174472,-74.2445942
O03,Morgantown Airport,Morgantown,40.1570414,-75.8704892
0W3,Harford County Airport,Churchville,39.5668378,-76.2024028
ANQ,Tri-State Steuben County Airport,Angola,41.6396983,-85.0834933
C65,Plymouth Municipal Airport,Plymouth,41.3651307,-86.3002574
VNW,Van Wert County Airport,Van Wert,40.8638295,-84.606358
17G,Port Bucyrus-Crawford County Airport,Bucyrus,40.7815556,-82.9748056
X07,Lake Wales Municipal Airport,Lake Wales,27.8938056,-81.6203889
RMY,Brooks Field Airport,Marshall,42.2511932,-84.9554443
GVQ,Genesee County Airport,Batavia,43.03175,-78.1696667
0G7,Finger Lakes Regional Airport,Seneca Falls,42.8835647,-76.7812318
N69,Stormville Airport,Stormville,41.5769708,-73.7323514
4B8,Robertson Field,Plainville,41.6893333,-72.8646944
0G6,Williams County Airport,Bryan,41.4673056,-84.5067778
CLW,Clearwater Air Park,Clearwater,27.9764722,-82.7586667
X49,South Lakeland Airport,Lakeland,27.9333581,-82.0439739
NYC,All Airports,New York,40.714167,-74.005833
CHI,All Airports,Chicago,41.883611,-87.631667
CGX,Meigs Field,Chicago,41.860278,-87.609722
WAS,All Airports,Washington,38.889444,-77.035278
JZP,Pickens County Airport,Jasper,34.4534722,-84.4572222
CRE,Grand Strand Airport,North Myrtle Beach,33.81175,-78.7239444
IGQ,Lansing Municipal,Lansing,41.5349167,-87.5295278
Y72,Bloyer Field,Tomah,43.9762222,-90.4806111
RNM,Ramona Airport,Ramona,33.0391667,-116.91525
OEB,Branch County Memorial Airport,Coldwater,41.9335691,-85.0522935
WBW,Wilkes-Barre Wyoming Valley Airport,Wilkes-Barre,41.2973074,-75.8522405
LNN,Lost Nation Municipal Airport,Willoughby,41.6840278,-81.38975
FFT,Capital City Airport,Frankfort,38.1819722,-84.9061389
LEW,Lewiston Maine,Lewiston,44.0484728,-70.2835075
6S2,Florence,Florence,43.9828168,-124.1113687
1A3,Martin Campbell Field Airport,Copperhead,35.0158056,-84.3468333
NBU,Naval Air Station,Glenview,42.090556,-87.8225
MRK,Marco Islands,Marco Island Airport,25.9950278,-81.6725278
DRM,Drummond Island Airport,Drummond Island,46.0093114,-83.7439342
8M8,Garland Airport,Lewiston,44.8065278,-84.2761944
GDW,Gladwin Zettel Memorial Airport,Gladwin,43.9705893,-84.47502
24C,Lowell City Airport,Lowell,42.95392,-85.3439058
LWA,South Haven Area Regional Airport,South Haven,42.3511944,-86.2556389
06C,Schaumburg Regional,Schaumburg,41.9893408,-88.1012428
MFI,Marshfield Municipal Airport,Marshfield,44.6368797,-90.1893267
ISW,Alexander Field South Wood County Airport,Wisconsin Rapids,44.3606456,-89.8381412
CWI,Clinton Municipal,Clinton,41.83075,-90.3289722
BVY,Beverly Municipal Airport,Beverly,42.584141,-70.9161444
O27,Oakdale Airport,Oakdale,37.7563333,-120.8001944
POF,Poplar Bluff Municipal Airport,Poplar Bluff,36.77394444,-90.3248611
EPM,Eastport Municipal Airport,Eastport,44.9101111,-67.0126944
EOK,Keokuk Municipal Airport,Keokuk,40.4599078,-91.4285011
ME5,Banks Airport,Swans Island,44.1653889,-68.4281667
E51,Bagdad Airport,Bagdad,34.5958528,-113.170195
E55,Ocean Ridge Airport,Gualala,38.8016111,-123.5306389
1G3,Kent State Airport,Kent,41.1513889,-81.4151111
ZRA,Atlantic City Rail Terminal,Atlantic City NJ,39.3665,-74.442
ZSF,Springfield Amtrak Station,Springfield MA,42.106,-72.593054
XZK,Amherst Amtrak Station AMM,Amherst MA,42.375,-72.511389
FLD,Fond Du Lac County Airport,Fond du Lac,43.7711667,-88.4884167
PCZ,Waupaca Municipal Airport,Waupaca,44.33325,-89.0197778
STE,Stevens Point Municipal Airport,Stevens Point,44.5451356,-89.5302844
ERY,Luce County Airport,Newberry,46.311199,-85.457298
25D,Forest Lake Airport,Forest Lake,45.2477456,-92.9943853
GQQ,Galion Municipal Airport,Galion,40.7533889,-82.7238056
CKV,Clarksville-Montgomery County Regional Airport,Clarksville,36.621944,-87.415
LPC,Lompoc Airport,Lompoc,34.6656,-120.4675
CTH,Chester County G O Carlson Airport,Coatesville,39.9789,-75.8654
LKP,Lake Placid Airport,Lake Placid,44.264444,-73.961944
NY9,Long Lake,Long Lake,43.9750617,-74.42044
WIH,Wishram Amtrak Station,Wishram,45.6576,-120.9664
AOH,Lima Allen County Airport,Lima,40.707478,-84.0270781
SSI,McKinnon Airport,Brunswick,31.1519722,-81.3910556
BFP,Beaver Falls,Beaver Falls,40.7724722,-80.3914444
F57,Seaplane Base,Winterhaven,28.0575,-81.7628056
GGE,Georgetown County Airport,Georgetown,33.3114018,-79.3203139
HDI,Hardwick Field Airport,Cleveland,35.2199994,-84.832369
2A0,Mark Anton Airport,Dayton,35.48625,-84.9310833
2G2,Jefferson County Airpark,Steubenville,40.3602179,-80.7008742
RNT,Renton,Renton,47.4931389,-122.21575
POC,Brackett Field,La Verne,34.0916667,-117.7817778
09J,Jekyll Island Airport,Jekyll Island,31.0744722,-81.4277778
CDK,CedarKey,Cedar Key,29.1342222,-83.0504722
CTY,Cross City,Cross City,29.6355278,-83.10475
CEU,Clemson,Clemson,34.6722222,-82.8858889
36U,Heber City Municipal Airport,Heber,40.4818056,-111.4288056
BEC,Beech Factory Airport,Wichita,37.6939167,-97.2149167
47A,Cherokee County Airport,Canton,34.3122175,-84.4221556
55J,Fernandina Beach Municipal Airport,Fernandina Beach,30.6118333,-81.4611944
GTU,Georgetown Municipal Airport,Georgetown,30.678809,-97.6793837
SNY,Sidney Muni Airport,Sidney,41.10167,-102.985
W13,Eagle's Nest Airport,Waynesboro,38.076944,-78.944167
JYO,Leesburg Executive Airport,Leesburg,39.078,-77.558
SDC,Williamson-Sodus Airport,Williamson,43.2347904,-77.119444
CLC,Clear Lake Metroport,Clear Lake City,29.5569,-95.137497
WBU,Boulder Municipal,Boulder,40.039444,-105.225833
PAO,Palo Alto Airport of Santa Clara County,Palo Alto,37.4611111,-122.1150556
FFZ,Mesa Falcon Field,Mesa,33.46080017,-111.7279968
P08,Coolidge Municipal Airport,Cooldige,32.93590164,-111.427002
P52,Cottonwood Airport,Cottonwood,34.72999954,-112.0350037
A39,Phoenix Regional Airport,Phoenix,32.99169922,-111.9209976
E25,Wickenburg Municipal Airport,Wickenburg,33.96889877,-112.7990036
PTK,Oakland Co. Intl,Pontiac,42.667,-83.35
EQY,Monroe Reqional Airport,Charlotte,35.01833,-80.62001
IOW,Iowa City Municipal Airport,Iowa City,41.639244,-91.546503
MWM,Windom Municipal Airport,Windom,43.9134017,-95.1094083
ANP,Lee Airport,Annapolis,38.942778,-76.568333
PEQ,Pecos Municipal Airport,Pecos,31.3823889,-103.5107222
HBG,Hattiesburg Bobby L. Chain Municipal Airport,Hattiesburg,31.2649444,-89.2528889
YKN,Chan Gurney,Yankton,42.8711,-97.3969
SES,Selfield Airport,Selma Alabama,32.4404,-86.9522
1C9,Frazier Lake Airpark,Hollister,54.01333333,-124.7683333
HWD,Hayward Executive Airport,Hayward,37.65888889,-122.1216667
ARB,Ann Arbor Municipal Airport,Ann Arbor,42.132274,-83.444418
ZTY,Boston Back Bay Station,Boston,42.3478,-71.075
4A7,Clayton County Tara Field,Hampton,33.389099,-84.332397
NGZ,NAS Alameda,Alameda,37.7861,-122.3186
ZWI,Wilmington Amtrak Station,Wilmington,39.736667,-75.551667
EKI,Elkhart Municipal,Elkhart,41.719444,-86.003333
IMM,Immokalee ,Immokalee ,26.433889,-81.401389
ZRZ,New Carrollton Rail Station,New Carrollton,38.948,-76.8719
PTB,Dinwiddie County Airport,Petersburg,37.18375,-77.507388
SBM,Sheboygan County Memorial Airport,Sheboygan,43.7696,-87.851402
3D2,Ephraim-Gibraltar Airport,Ephraim,45.1354167,-87.1879444
MZJ,Pinal Airpark,Marana,32.509722,-111.325278
GEU,Glendale Municipal Airport,Glendale,33.5269167,-112.2951389
SAD,Safford Regional Airport,Safford,32.8533333,-109.6350833
SIK,Sikeston Memorial Municipal,Sikeston,36.8988889,-89.56175
L52,Oceano County Airport,Oceano,35.10147222,-120.6223611
GFL,Floyd Bennett Memorial Airport,Queensbury,43.341222,-73.610305
5B2,Saratoga County Airport,Ballston Spa,43.050722,-73.861638
K27,Burrello-Mechanicville Airport,Mechanicville,42.893133,-73.66845
CGC,Crystal River,Crystal River,28.8676111,-82.5741111
MTN,Martin State,Baltimore,39.3256667,-76.4137778
LHM,Lincoln Regional Airport Karl Harder Field,Lincoln,38.9091667,-121.3513333
FZI,Fostoria Metropolitan Airport,Fostoria,41.1908333,-83.3930833
IZG,Eastern Slopes Regional,Fryeburg,43.9911389,-70.9478889
NEW,Lakefront,New Orleans,30.0424167,-90.02825
COE,Pappy Boyington,Coeur d'Alene,47.7743056,-116.8195833
BMT,Beaumont Municipal,Beaumont,30.0702044,-94.2150967
DNV,Vermilion Regional,Danville,40.1996944,-87.5955278
COI,Merritt Island Airport,Cocoa,28.3416111,-80.6854722
X59,Valkaria Municipal,Valkaria,27.9608611,-80.5583333
TIX,Space Coast Reg'l Airport,Titusville,28.5148,-80.7992278
X26,Sebastian Municipal,Sebastian,27.81325,-80.4955833
1H2,Effingham Memorial Airport,Effingham,39.07,-88.534
AAP,Andrau Airport,Houston,29.43,-95.35
FCM,Flying Cloud Airport,Eden Prairie,44.4938,-93.2726
OJC,Johnson County Airport,Olathe,38.5051,-94.4415
X04,Apopka,Orlando,28.707222,-81.581667
OQN,Brandywine Airport,West Goshen Township,39.5924,-75.3455
MNZ,Manassas,Manassas,38.721389,-77.515556
UT3,Hite Airport,Hanksville,37.8916547,-110.3840289
2H0,Shelby County Airport,Shelbyville,39.410556,-88.845556
1G4,Grand Canyon West Airport,Peach Springs,35.899904,-113.815674
9G1,Rock Airport,Tarentum,40.6035463,-79.8261189
2B2,Plum Island Airport,Newburyport,42.7953611,-70.8394444
LKK,Kulik Lake Airport,Kulik Lake,58.96591,-155.108089
PTA,Port Alsworth Airport,Port alsworth,60.208281,-154.306586
FDW,Fairfield County Airport,Winnsboro,34.315472,-81.108806
DAW,Skyhaven Airport,Rochester,43.2840556,-70.9292778
PRL,Port Oceanic Airport,Port Oceanic,60.2083333,-147.8194444
EWK,Newton City-County Airport,Newton,38.0570785,-97.2752278
TZR,Bolton Field,Columbus,39.901111,-83.136944
W04,Ocean Shores Municipal,Ocean Shores,46.5995,-124.0854
55S,Packwood,Packwood,46.3625,-121.4067
FBR,Fort Bridger,Fort Bridger,41.236,-110.2436
S40,Prosser,Prosser,46.128,-119.4773
CLS,Chehalis-Centralia,Chehalis,46.4062,-122.5897
M94,Desert Aire,Mattawa,46.4124,-119.5518
S30,Lebanon State,Lebanon,44.3179,-122.5577
EVW,Evanston-Uinta CO Burns Fld,Evanston,41.1649,-111.0208
K83,Sabetha Municipal,Sabetha,39.5425,-95.4677
LRO,Mount Pleasant Regional-Faison Field,Mount Pleasant,32.5387,-79.4697
ACJ,Jimmy Carter Regional,Americus,32.0665,-84.1133
EUF,Weedon Field,Eufala,31.5708,-85.0774
6J4,Saluda County,Saluda,33.5561,-81.4768
MQI,Dare County Regional,Manteo,35.5514,-75.4173
AUO,Auburn University Regional,Auburn,32.3691,-85.2604
CZG,Tri-Cities,Endicott,42.0471,-76.0578
EKY,Bessemer,Bessemer,33.1876,-86.5558
A50,Colorado Springs East,Ellicott,38.87,-104.41
MIC,Crystal Airport,Crystal,45.0343,-93.2114
23M,Clarke CO,Quitman,32.0517,-88.4434
DBN,W H Barron Field,Dublin,32.3388,-82.591
UCA,Union Station,Utica,43.104167,-75.223333
CVO,Corvallis Muni,Corvallis,44.5067,-123.2915
CWT,Chatsworth Station,Chatsworth,34.256944,-118.598889
DHB,Deer Harbor Seaplane,Deer Harbor,48.618397,-123.00596
OLT,San Diego Old Town Transit Center,San Diego,32.7552,-117.1995
